287816602,D4,1005,20086,OK
287836602,D4,1004,20087,OK
287857602,D4,1004,20086,OK
287877602,D4,1004,20086,OK
287897602,D4,1004,20086,OK
287917602,D4,1005,20086,OK
287937602,D4,1005,20086,OK
287957602,D4,1005,20086,OK
287977602,D4,1005,20086,OK
287997602,D4,1005,20086,OK
# diag,ms=288000,channel=D4,pin=18,level=0
288017602,D4,1005,20086,OK
288037602,D4,1005,20086,OK
288057602,D4,1005,20086,OK
288078602,D4,1003,20088,OK
288098602,D4,1004,20085,OK
288118602,D4,1004,20086,OK
288138602,D4,1004,20086,OK
288158602,D4,1004,20086,OK
288178602,D4,1004,20086,OK
288198602,D4,1004,20086,OK
288218602,D4,1004,20086,OK
288238602,D4,1004,20086,OK
288258602,D4,1005,20086,OK
288278602,D4,1005,20086,OK
288298602,D4,1005,20086,OK
288309601,D4,12030,20086,OUT_OF_RANGE
288319602,D4,1005,20086,OK
288339602,D4,1005,20086,OK
288359602,D4,1005,20086,OK
288379602,D4,1005,20086,OK
288399602,D4,1005,20086,OK
288419602,D4,1005,20086,OK
288430602,D4,11761,20086,OUT_OF_RANGE
288439602,D4,1005,20086,OK
288459602,D4,1004,20087,OK
288479602,D4,1004,20086,OK
288499602,D4,1004,20086,OK
288519602,D4,1004,20086,OK
288539607,D4,1006,20088,OK
288560602,D4,1005,20084,OK
288580602,D4,1005,20086,OK
288600602,D4,1005,20086,OK
288620602,D4,1005,20086,OK
288640602,D4,1005,20086,OK
288660602,D4,1005,20086,OK
288680602,D4,1005,20086,OK
288700602,D4,1005,20086,OK
288720602,D4,1005,20086,OK
288740602,D4,1004,20087,OK
288760602,D4,1004,20086,OK
288781602,D4,1004,20086,OK
288801602,D4,1004,20086,OK
288821602,D4,1004,20086,OK
288841602,D4,1004,20086,OK
288861602,D4,1004,20086,OK
288881602,D4,1004,20086,OK
288901602,D4,1004,20086,OK
288921602,D4,1004,20086,OK
288941602,D4,1004,20086,OK
288961602,D4,1005,20086,OK
288981602,D4,1005,20086,OK
# diag,ms=289000,channel=D4,pin=18,level=1
289001602,D4,1005,20086,OK
289022602,D4,1005,20086,OK
289042602,D4,1005,20086,OK
289062602,D4,1005,20086,OK
289082602,D4,1005,20086,OK
289102602,D4,1005,20086,OK
289122602,D4,1005,20086,OK
289142602,D4,1004,20087,OK
289162602,D4,1004,20086,OK
289182602,D4,1004,20086,OK
289202602,D4,1004,20086,OK
289222602,D4,1004,20086,OK
289243602,D4,1004,20086,OK
289263602,D4,1005,20086,OK
289283602,D4,1005,20086,OK
289303602,D4,1005,20086,OK
289323602,D4,1004,20087,OK
289343602,D4,1004,20086,OK
289363602,D4,1004,20086,OK
289383602,D4,1004,20086,OK
289403602,D4,1004,20086,OK
289423602,D4,1004,20086,OK
289443602,D4,1005,20086,OK
289463602,D4,1005,20086,OK
289484602,D4,1005,20086,OK
289504602,D4,1005,20086,OK
289521602,D4,18245,20086,OUT_OF_RANGE
289524602,D4,1005,20086,OK
289544602,D4,1005,20086,OK
289564602,D4,1005,20086,OK
289584602,D4,1005,20086,OK
289604602,D4,1005,20086,OK
289624602,D4,1005,20086,OK
289644602,D4,1004,20087,OK
289664602,D4,1004,20086,OK
289684602,D4,1005,20091,OK
289704605,D4,1005,20087,OK
289725602,D4,1004,20086,OK
289745602,D4,1004,20086,OK
289765602,D4,1004,20086,OK
289766602,D4,2226,20086,OUT_OF_RANGE
289785602,D4,1004,20090,OK
289805602,D4,1005,20086,OK
289825602,D4,1005,20086,OK
289845602,D4,1005,20086,OK
289865602,D4,1005,20086,OK
289885602,D4,1005,20086,OK
289905602,D4,1005,20086,OK
289925602,D4,1005,20086,OK
289946602,D4,1005,20086,OK
289966602,D4,1005,20086,OK
289986602,D4,1005,20086,OK
# diag,ms=290000,channel=D4,pin=18,level=0
290006602,D4,1004,20087,OK
290026602,D4,1004,20086,OK
290046602,D4,1004,20086,OK
290066602,D4,1004,20086,OK
290086602,D4,1004,20086,OK
290106602,D4,1004,20086,OK
290126602,D4,1005,20086,OK
290146602,D4,1005,20086,OK
290166602,D4,1005,20086,OK
290187602,D4,1005,20086,OK
290207602,D4,1005,20086,OK
290227602,D4,1005,20086,OK
290247602,D4,1005,20086,OK
290267602,D4,1005,20086,OK
290287602,D4,1004,20087,OK
290307602,D4,1004,20086,OK
290327602,D4,1004,20086,OK
290347602,D4,1004,20086,OK
290367602,D4,1004,20086,OK
290387602,D4,1004,20086,OK
290408602,D4,1007,20087,OK
290428602,D4,1005,20085,OK
290448602,D4,1005,20086,OK
290468602,D4,1005,20086,OK
290488602,D4,1005,20086,OK
290508602,D4,1005,20086,OK
290528602,D4,1005,20086,OK
290548602,D4,1004,20088,OK
290568602,D4,1004,20086,OK
290588602,D4,1005,20086,OK
290608602,D4,1005,20086,OK
290628602,D4,1005,20086,OK
290649602,D4,1005,20086,OK
290669602,D4,1005,20086,OK
290689602,D4,1156,20086,OK
290709602,D4,1005,20086,OK
290729602,D4,1005,20086,OK
290749602,D4,1005,20086,OK
290769602,D4,1004,20087,OK
290789602,D4,1004,20086,OK
290809602,D4,1004,20086,OK
290829602,D4,1004,20086,OK
290849602,D4,1009,20086,OK
290869604,D4,1004,20086,OK
290890602,D4,1005,20086,OK
290910602,D4,1004,20086,OK
290930602,D4,1005,20086,OK
290950602,D4,1005,20086,OK
290970602,D4,1005,20086,OK
290990602,D4,1005,20086,OK
# diag,ms=291000,channel=D4,pin=18,level=0
291010602,D4,1005,20086,OK
291030602,D4,1005,20086,OK
291050602,D4,1007,20086,OK
291070602,D4,1005,20087,OK
291090602,D4,1004,20086,OK
291111602,D4,1004,20086,OK
291131602,D4,1004,20086,OK
291151602,D4,1004,20086,OK
291171602,D4,1005,20086,OK
291191602,D4,1005,20086,OK
291211602,D4,1005,20086,OK
291231602,D4,1005,20086,OK
291251602,D4,1005,20086,OK
291271602,D4,1005,20086,OK
291291602,D4,1005,20086,OK
291311602,D4,1005,20086,OK
291331602,D4,1005,20086,OK
291352602,D4,1005,20086,OK
291372602,D4,1004,20087,OK
291392602,D4,1004,20086,OK
291412602,D4,1004,20086,OK
291432602,D4,1004,20086,OK
291452602,D4,1004,20086,OK
291472602,D4,1005,20086,OK
291492602,D4,1005,20086,OK
291512602,D4,1005,20086,OK
291532602,D4,1005,20086,OK
291552602,D4,1005,20086,OK
291573602,D4,1004,20087,OK
291593602,D4,1005,20085,OK
291613602,D4,1005,20086,OK
291633602,D4,1005,20086,OK
291653602,D4,1005,20086,OK
291673602,D4,1005,20086,OK
291693602,D4,1004,20087,OK
291713602,D4,1004,20086,OK
291733602,D4,1004,20086,OK
291753602,D4,1004,20086,OK
291773602,D4,1005,20086,OK
291793602,D4,1005,20086,OK
291814602,D4,1005,20086,OK
291834602,D4,1005,20086,OK
291854602,D4,1005,20086,OK
291874602,D4,1005,20086,OK
291894602,D4,1005,20086,OK
291914602,D4,1005,20086,OK
291934602,D4,1005,20086,OK
291954602,D4,1005,20086,OK
291974602,D4,1005,20086,OK
291994602,D4,1004,20087,OK
# diag,ms=292000,channel=D4,pin=18,level=0
292014602,D4,1004,20086,OK
292034602,D4,1004,20086,OK
292055602,D4,1004,20086,OK
292075602,D4,1004,20086,OK
292095602,D4,1005,20086,OK
292115602,D4,1005,20086,OK
292135602,D4,1005,20086,OK
292155602,D4,1005,20086,OK
292175602,D4,1005,20086,OK
292195602,D4,1005,20086,OK
292215602,D4,1005,20086,OK
292235602,D4,1005,20086,OK
292255602,D4,1005,20086,OK
292276602,D4,1002,20089,OK
292296602,D4,1004,20084,OK
292316602,D4,1004,20086,OK
292336602,D4,1004,20086,OK
292356602,D4,1004,20086,OK
292376602,D4,1004,20086,OK
292396602,D4,1004,20086,OK
292416602,D4,1004,20086,OK
292436602,D4,1004,20086,OK
292456602,D4,1005,20086,OK
292476602,D4,1005,20086,OK
292496602,D4,1005,20086,OK
292517602,D4,1005,20086,OK
292537602,D4,1005,20086,OK
292557602,D4,1005,20086,OK
292577602,D4,1004,20089,OK
292597602,D4,1005,20086,OK
292617602,D4,1005,20086,OK
292637602,D4,1005,20086,OK
292657602,D4,1005,20086,OK
292677602,D4,1005,20086,OK
292697602,D4,1005,20086,OK
292717602,D4,1005,20086,OK
292737607,D4,1005,20088,OK
292758602,D4,1004,20085,OK
292778602,D4,1004,20086,OK
292798602,D4,1004,20086,OK
292818602,D4,1004,20086,OK
292838602,D4,1005,20086,OK
292858602,D4,1005,20086,OK
292878602,D4,1005,20086,OK
292898602,D4,1005,20086,OK
292918602,D4,1005,20086,OK
292938602,D4,1004,20087,OK
292958602,D4,1005,20085,OK
292979602,D4,1005,20086,OK
292999602,D4,1005,20086,OK
# diag,ms=293000,channel=D4,pin=18,level=0
293019602,D4,1005,20086,OK
293039602,D4,1004,20087,OK
293059602,D4,1004,20086,OK
293079602,D4,1004,20086,OK
293099602,D4,1004,20086,OK
293119602,D4,1004,20086,OK
293139602,D4,1004,20086,OK
293159602,D4,1004,20086,OK
293179602,D4,1005,20086,OK
293199602,D4,1005,20086,OK
293220602,D4,1005,20086,OK
293240602,D4,1005,20086,OK
293260602,D4,1005,20086,OK
293280602,D4,1005,20086,OK
293300602,D4,1005,20086,OK
293320602,D4,1005,20086,OK
293340602,D4,1005,20086,OK
293360602,D4,1004,20087,OK
293380602,D4,1004,20086,OK
293400602,D4,1004,20086,OK
293420602,D4,1004,20086,OK
293441602,D4,1007,20087,OK
293461602,D4,1004,20085,OK
293481602,D4,1005,20086,OK
293501602,D4,1005,20086,OK
293521602,D4,1005,20086,OK
293541602,D4,1005,20086,OK
293561602,D4,1005,20086,OK
293581602,D4,1004,20087,OK
293601602,D4,1004,20086,OK
293621602,D4,1004,20086,OK
293641602,D4,1004,20086,OK
293661602,D4,1004,20086,OK
293682602,D4,1004,20086,OK
293702602,D4,1004,20086,OK
293722602,D4,1004,20086,OK
293742602,D4,1005,20086,OK
293762602,D4,1005,20086,OK
293782602,D4,1005,20086,OK
293802602,D4,1005,20086,OK
293822602,D4,1005,20086,OK
293842602,D4,1005,20086,OK
293862602,D4,1005,20086,OK
293882602,D4,1005,20086,OK
293902603,D4,1005,20086,OK
293923602,D4,1004,20087,OK
293943602,D4,1004,20086,OK
293963602,D4,1004,20086,OK
293983602,D4,1004,20086,OK
# diag,ms=294000,channel=D4,pin=18,level=0
294003602,D4,1005,20086,OK
294023602,D4,1005,20086,OK
294043602,D4,1005,20086,OK
294063602,D4,1005,20086,OK
294083602,D4,1005,20086,OK
294103602,D4,1005,20086,OK
294123602,D4,1005,20086,OK
294144602,D4,1005,20086,OK
294164602,D4,1005,20086,OK
294184602,D4,1004,20087,OK
294204602,D4,1004,20086,OK
294224602,D4,1004,20086,OK
294244602,D4,1004,20086,OK
294264602,D4,1004,20086,OK
294284602,D4,1004,20086,OK
294304602,D4,1005,20086,OK
294324602,D4,1005,20086,OK
294344602,D4,1005,20086,OK
294364602,D4,1005,20086,OK
294385602,D4,1005,20086,OK
294405602,D4,1004,20087,OK
294425602,D4,1004,20086,OK
294445602,D4,1004,20086,OK
294465602,D4,1004,20086,OK
294485602,D4,1004,20086,OK
294505602,D4,1004,20086,OK
294525602,D4,1004,20086,OK
294545602,D4,1005,20086,OK
294565602,D4,1005,20086,OK
294585602,D4,1005,20086,OK
294606602,D4,1003,20088,OK
294626602,D4,1005,20084,OK
294646602,D4,1005,20086,OK
294666602,D4,1005,20086,OK
294686602,D4,1005,20086,OK
294706602,D4,1005,20086,OK
294726602,D4,1005,20086,OK
294746602,D4,1005,20086,OK
294766602,D4,1004,20087,OK
294786602,D4,1004,20086,OK
294806602,D4,1004,20086,OK
294826602,D4,1004,20086,OK
294847602,D4,1004,20086,OK
294867602,D4,1004,20086,OK
294887602,D4,1005,20086,OK
294907602,D4,1005,20086,OK
294927602,D4,1005,20086,OK
294947602,D4,1005,20086,OK
294967602,D4,1005,20086,OK
294987602,D4,1005,20086,OK
# diag,ms=295000,channel=D4,pin=18,level=0
295007602,D4,1005,20086,OK
295027602,D4,1004,20087,OK
295047602,D4,1004,20086,OK
295067602,D4,1005,20086,OK
295088602,D4,1005,20086,OK
295108602,D4,1005,20086,OK
295128602,D4,1005,20086,OK
295148602,D4,1005,20086,OK
295168602,D4,1005,20086,OK
295188602,D4,1005,20086,OK
295208602,D4,1005,20086,OK
295228602,D4,1005,20086,OK
295248602,D4,1004,20087,OK
295268602,D4,1004,20086,OK
295288602,D4,1005,20086,OK
295309602,D4,1002,20089,OK
295329602,D4,1005,20083,OK
295349602,D4,1005,20086,OK
295369602,D4,1005,20086,OK
295389602,D4,1005,20086,OK
295409602,D4,1005,20086,OK
295429602,D4,1005,20086,OK
295449602,D4,1005,20086,OK
295469602,D4,1005,20086,OK
295489602,D4,1005,20086,OK
295509602,D4,1004,20087,OK
295529602,D4,1004,20086,OK
295550602,D4,1004,20086,OK
295570602,D4,1005,20086,OK
295590602,D4,1005,20086,OK
295610602,D4,1005,20086,OK
295630602,D4,1005,20086,OK
295650602,D4,1005,20086,OK
295670602,D4,1005,20086,OK
295690602,D4,1004,20087,OK
295710602,D4,1004,20086,OK
295730602,D4,1004,20086,OK
295750602,D4,1004,20086,OK
295770605,D4,1004,20086,OK
295791602,D4,1005,20086,OK
295811602,D4,1005,20086,OK
295831602,D4,1005,20087,OK
295851602,D4,1004,20087,OK
295871602,D4,1004,20086,OK
295891602,D4,1004,20086,OK
295911602,D4,1004,20086,OK
295931602,D4,1005,20086,OK
295951602,D4,1005,20086,OK
295971602,D4,1005,20086,OK
295991602,D4,1005,20086,OK
# diag,ms=296000,channel=D4,pin=18,level=0
296012602,D4,1005,20086,OK
296032602,D4,1005,20086,OK
296052602,D4,1005,20086,OK
296072602,D4,1004,20087,OK
296092602,D4,1004,20086,OK
296112602,D4,1004,20086,OK
296132602,D4,1004,20086,OK
296152602,D4,1004,20086,OK
296172602,D4,1005,20086,OK
296192602,D4,1005,20086,OK
296212602,D4,1005,20086,OK
296232602,D4,1005,20086,OK
296253602,D4,1005,20086,OK
296273602,D4,1005,20086,OK
296293602,D4,1005,20086,OK
296313602,D4,1005,20086,OK
296333602,D4,1005,20086,OK
296353602,D4,1005,20086,OK
296373602,D4,1005,20086,OK
296393602,D4,1005,20086,OK
296413602,D4,1004,20087,OK
296433602,D4,1004,20086,OK
296453602,D4,1004,20086,OK
296474602,D4,1002,20088,OK
296494602,D4,1004,20084,OK
296514602,D4,1004,20086,OK
296534602,D4,1005,20086,OK
296554602,D4,1005,20086,OK
296574602,D4,1005,20086,OK
296594602,D4,1005,20086,OK
296614602,D4,1005,20086,OK
296634602,D4,1005,20086,OK
296654602,D4,1005,20086,OK
296674602,D4,1005,20086,OK
296694602,D4,1005,20086,OK
296715602,D4,1005,20086,OK
296735602,D4,1005,20086,OK
296755602,D4,1004,20087,OK
296775602,D4,1004,20086,OK
296795602,D4,1004,20086,OK
296815602,D4,1004,20086,OK
296835602,D4,1004,20086,OK
296855602,D4,1004,20086,OK
296875602,D4,1004,20086,OK
296895602,D4,1004,20086,OK
296915602,D4,1004,20086,OK
296935601,D4,1004,20086,OK
296956602,D4,1005,20086,OK
296976602,D4,1005,20086,OK
296996602,D4,1005,20086,OK
# diag,ms=297000,channel=D4,pin=18,level=0
297016602,D4,1005,20086,OK
297036602,D4,1005,20086,OK
297056602,D4,1005,20086,OK
297076602,D4,1005,20086,OK
297096602,D4,1005,20091,OK
297116602,D4,1005,20086,OK
297136602,D4,1004,20087,OK
297156602,D4,1005,20085,OK
297177602,D4,1004,20087,OK
297197602,D4,1004,20086,OK
297217602,D4,1004,20086,OK
297237602,D4,1004,20086,OK
297257602,D4,1004,20086,OK
297277602,D4,1004,20086,OK
297297602,D4,1004,20086,OK
297317602,D4,1005,20086,OK
297337602,D4,1005,20086,OK
297357602,D4,1005,20086,OK
297377602,D4,1005,20086,OK
297397602,D4,1005,20086,OK
297418602,D4,1005,20086,OK
297438602,D4,1005,20086,OK
297449602,D4,12737,20086,OUT_OF_RANGE
297458602,D4,1005,20086,OK
297478602,D4,1005,20086,OK
297498602,D4,1005,20086,OK
297518602,D4,1005,20086,OK
297538602,D4,1005,20086,OK
297558602,D4,1004,20087,OK
297578602,D4,1004,20086,OK
297598602,D4,1004,20086,OK
297618602,D4,1004,20086,OK
297639602,D4,1006,20086,OK
297659602,D4,1004,20086,OK
297679602,D4,1005,20086,OK
297699602,D4,1005,20086,OK
297719602,D4,1005,20086,OK
297739602,D4,1005,20086,OK
297759602,D4,1005,20086,OK
297779602,D4,1005,20086,OK
297799602,D4,1005,20086,OK
297819602,D4,1005,20086,OK
297839602,D4,1005,20086,OK
297859602,D4,1005,20086,OK
297880602,D4,1005,20086,OK
297900602,D4,1005,20086,OK
297920602,D4,1005,20086,OK
297940602,D4,1005,20086,OK
297960602,D4,1004,20087,OK
297980602,D4,1004,20086,OK
298000602,D4,1004,20086,OK
# diag,ms=298000,channel=D4,pin=18,level=0
298020602,D4,1004,20086,OK
298040602,D4,1004,20086,OK
298060602,D4,1004,20086,OK
298080602,D4,1005,20086,OK
298100602,D4,1007,20086,OK
298121602,D4,1005,20086,OK
298141602,D4,1005,20086,OK
298161602,D4,1005,20086,OK
298181602,D4,1005,20086,OK
298201602,D4,1005,20086,OK
298221602,D4,1005,20086,OK
298241602,D4,1005,20086,OK
298261602,D4,1005,20086,OK
298281602,D4,1005,20086,OK
298301602,D4,1005,20086,OK
298321602,D4,1005,20086,OK
298342602,D4,1003,20088,OK
298362602,D4,1004,20086,OK
298382602,D4,1005,20086,OK
298402602,D4,1005,20086,OK
298422602,D4,1005,20086,OK
298442602,D4,1005,20086,OK
298462602,D4,1005,20086,OK
298482602,D4,1005,20086,OK
298502602,D4,1004,20087,OK
298522602,D4,1004,20086,OK
298542602,D4,1004,20086,OK
298548602,D4,7088,20086,OUT_OF_RANGE
298562602,D4,1004,20086,OK
298583602,D4,1004,20086,OK
298603602,D4,1004,20086,OK
298623602,D4,1004,20086,OK
298643602,D4,1004,20086,OK
298663602,D4,1005,20086,OK
298683602,D4,1005,20086,OK
298703602,D4,1005,20086,OK
298723602,D4,1005,20086,OK
298743602,D4,1005,20086,OK
298763602,D4,1005,20086,OK
298783602,D4,1005,20086,OK
298803607,D4,1005,20088,OK
298824602,D4,1005,20084,OK
298844602,D4,1005,20086,OK
298864602,D4,1012,20086,OK
298884602,D4,1004,20087,OK
298904602,D4,1005,20085,OK
298924602,D4,1004,20087,OK
298944602,D4,1004,20086,OK
298964602,D4,1004,20086,OK
298984602,D4,1004,20086,OK
# diag,ms=299000,channel=D4,pin=18,level=0
299004602,D4,1005,20086,OK
299024602,D4,1005,20086,OK
299045602,D4,1005,20086,OK
299065602,D4,1005,20086,OK
299085602,D4,1004,20087,OK
299105602,D4,1004,20086,OK
299125602,D4,1004,20086,OK
299145602,D4,1004,20086,OK
299165602,D4,1004,20086,OK
299185602,D4,1005,20086,OK
299205602,D4,1005,20086,OK
299225602,D4,1005,20086,OK
299245602,D4,1005,20086,OK
299265602,D4,1004,20087,OK
299286602,D4,1004,20086,OK
299306602,D4,1005,20086,OK
299326602,D4,1005,20086,OK
299346602,D4,1005,20086,OK
299366602,D4,1005,20086,OK
299386602,D4,1005,20086,OK
299395602,D4,9857,20086,OUT_OF_RANGE
299406602,D4,1005,20086,OK
299426602,D4,1005,20086,OK
299446602,D4,1005,20086,OK
299466602,D4,1005,20086,OK
299486602,D4,1004,20087,OK
299507602,D4,1006,20087,OK
299527602,D4,1005,20085,OK
299547602,D4,1005,20086,OK
299567602,D4,1005,20086,OK
299587602,D4,1005,20086,OK
299607602,D4,1005,20086,OK
299627602,D4,1005,20086,OK
299647602,D4,1005,20086,OK
299667602,D4,1005,20086,OK
299687602,D4,1004,20087,OK
299707602,D4,1004,20086,OK
299727602,D4,1004,20086,OK
299748602,D4,1004,20086,OK
299768602,D4,1004,20086,OK
299788602,D4,1004,20086,OK
299808602,D4,1005,20086,OK
299828602,D4,1005,20086,OK
299848602,D4,1005,20086,OK
299868602,D4,1005,20086,OK
299888602,D4,1005,20086,OK
299908602,D4,1005,20086,OK
299928602,D4,1005,20086,OK
299948602,D4,1004,20087,OK
299968604,D4,1004,20086,OK
299989602,D4,1005,20086,OK
# diag,ms=300000,channel=D4,pin=18,level=0
300009602,D4,1005,20086,OK
300029602,D4,1005,20086,OK
300049602,D4,1005,20086,OK
300069602,D4,1005,20086,OK
300089602,D4,1005,20086,OK
300109602,D4,1005,20086,OK
300129602,D4,1005,20086,OK
300149602,D4,1005,20086,OK
300169602,D4,1004,20087,OK
300189602,D4,1004,20086,OK
300210602,D4,1004,20086,OK
300230602,D4,1004,20086,OK
300250602,D4,1004,20086,OK
300270602,D4,1004,20086,OK
300290602,D4,1004,20086,OK
300310602,D4,1004,20086,OK
300330602,D4,1005,20086,OK
300350602,D4,1005,20086,OK
300370602,D4,1005,20086,OK
300390602,D4,1005,20086,OK
300410602,D4,1005,20086,OK
300430602,D4,1005,20086,OK
300451602,D4,1005,20086,OK
300471602,D4,1005,20086,OK
300491602,D4,1004,20087,OK
300511602,D4,1004,20086,OK
300531602,D4,1005,20086,OK
300551602,D4,1005,20086,OK
300571602,D4,1005,20086,OK
300591602,D4,1005,20086,OK
300611602,D4,1005,20086,OK
300631602,D4,1005,20086,OK
300651602,D4,1005,20086,OK
300672602,D4,1004,20087,OK
300692602,D4,1004,20086,OK
300712602,D4,1004,20086,OK
300732602,D4,1005,20086,OK
300752602,D4,1005,20086,OK
300772602,D4,1005,20086,OK
300792602,D4,1005,20086,OK
300812602,D4,1005,20086,OK
300832602,D4,1004,20087,OK
300852602,D4,1004,20086,OK
300872602,D4,1004,20086,OK
300892602,D4,1004,20086,OK
300913602,D4,1004,20086,OK
300933602,D4,1005,20086,OK
300953602,D4,1005,20086,OK
300973602,D4,1005,20086,OK
300993602,D4,1005,20086,OK
# diag,ms=301000,channel=D4,pin=18,level=0
301013602,D4,1005,20086,OK
301033602,D4,1005,20086,OK
301053602,D4,1005,20086,OK
301073602,D4,1005,20086,OK
301093602,D4,1005,20086,OK
301113602,D4,1004,20087,OK
301133602,D4,1004,20086,OK
301154602,D4,1004,20086,OK
301174602,D4,1005,20086,OK
301194602,D4,1005,20086,OK
301214602,D4,1005,20086,OK
301234602,D4,1005,20086,OK
301254602,D4,1005,20086,OK
301274602,D4,1005,20086,OK
301294602,D4,1004,20087,OK
301314602,D4,1004,20086,OK
301334602,D4,1004,20086,OK
301354602,D4,1004,20086,OK
301375602,D4,1003,20087,OK
301395602,D4,1005,20085,OK
301415602,D4,1005,20086,OK
301435602,D4,1005,20086,OK
301455602,D4,1005,20086,OK
301475602,D4,1005,20086,OK
301495602,D4,1005,20086,OK
301515602,D4,1004,20087,OK
301535602,D4,1004,20086,OK
301555602,D4,1005,20086,OK
301575602,D4,1004,20086,OK
301595602,D4,1005,20086,OK
301616602,D4,1005,20086,OK
301636602,D4,1005,20086,OK
301656602,D4,1005,20086,OK
301676602,D4,1005,20086,OK
301696602,D4,1005,20086,OK
301716602,D4,1005,20086,OK
301736602,D4,1005,20086,OK
301756602,D4,1004,20087,OK
301776602,D4,1004,20086,OK
301796602,D4,1005,20086,OK
301816602,D4,1005,20086,OK
301836607,D4,1005,20088,OK
301857602,D4,1005,20084,OK
301877602,D4,1005,20086,OK
301897602,D4,1005,20086,OK
301917602,D4,1005,20086,OK
301937602,D4,1004,20087,OK
301957602,D4,1004,20086,OK
301977602,D4,1005,20086,OK
301997602,D4,1005,20086,OK
# diag,ms=302000,channel=D4,pin=18,level=0
302017602,D4,1005,20086,OK
302037602,D4,1004,20087,OK
302057602,D4,1005,20085,OK
302078602,D4,1005,20086,OK
302098602,D4,1005,20086,OK
302118602,D4,1004,20087,OK
302138602,D4,1005,20086,OK
302158602,D4,1005,20086,OK
302178602,D4,1005,20086,OK
302198602,D4,1005,20086,OK
302218602,D4,1005,20086,OK
302238602,D4,1005,20086,OK
302258602,D4,1004,20087,OK
302278602,D4,1005,20086,OK
302298602,D4,1005,20086,OK
302319602,D4,1005,20086,OK
302339602,D4,1005,20086,OK
302359602,D4,1005,20086,OK
302379602,D4,1005,20086,OK
302399602,D4,1005,20086,OK
302419602,D4,1004,20091,OK
302439602,D4,1005,20086,OK
302459602,D4,1004,20087,OK
302479602,D4,1005,20086,OK
302499602,D4,1005,20086,OK
302519602,D4,1005,20086,OK
302540602,D4,1003,20088,OK
302560602,D4,1005,20084,OK
302580602,D4,1004,20087,OK
302600602,D4,1005,20086,OK
302620602,D4,1005,20086,OK
302640602,D4,1005,20086,OK
302660602,D4,1005,20086,OK
302680602,D4,1005,20086,OK
302700602,D4,1005,20086,OK
302720602,D4,1005,20086,OK
302740602,D4,1005,20086,OK
302760602,D4,1004,20087,OK
302781602,D4,1004,20086,OK
302801602,D4,1004,20086,OK
302821602,D4,1004,20086,OK
302841602,D4,1005,20086,OK
302861602,D4,1005,20086,OK
302881602,D4,1005,20086,OK
302901602,D4,1005,20086,OK
302921602,D4,1005,20086,OK
302941602,D4,1005,20086,OK
302961602,D4,1005,20086,OK
302981602,D4,1005,20086,OK
# diag,ms=303000,channel=D4,pin=18,level=1
303001607,D4,1005,20089,OK
303022602,D4,1004,20084,OK
303042602,D4,1004,20086,OK
303062602,D4,1005,20086,OK
303082602,D4,1005,20086,OK
303102602,D4,1005,20086,OK
303122602,D4,1005,20086,OK
303142602,D4,1005,20086,OK
303162602,D4,1005,20086,OK
303182602,D4,1005,20086,OK
303202602,D4,1004,20087,OK
303222602,D4,1004,20086,OK
303243602,D4,1004,20086,OK
303263602,D4,1004,20086,OK
303283602,D4,1004,20086,OK
303303602,D4,1004,20086,OK
303323602,D4,1004,20086,OK
303343602,D4,1005,20086,OK
303363602,D4,1005,20086,OK
303383602,D4,1005,20086,OK
303403602,D4,1005,20086,OK
303423602,D4,1005,20086,OK
303443602,D4,1004,20087,OK
303463602,D4,1004,20086,OK
303484602,D4,1004,20086,OK
303504602,D4,1004,20086,OK
303524602,D4,1004,20086,OK
303544602,D4,1005,20086,OK
303564602,D4,1005,20086,OK
303584602,D4,1005,20086,OK
303604602,D4,1005,20086,OK
303624602,D4,1005,20086,OK
303644602,D4,1004,20088,OK
303664602,D4,1004,20086,OK
303684602,D4,1005,20086,OK
303705602,D4,1006,20087,OK
303725602,D4,1005,20085,OK
303745602,D4,1005,20086,OK
303765602,D4,1005,20086,OK
303785602,D4,1005,20086,OK
303805602,D4,1005,20086,OK
303825602,D4,1005,20086,OK
303845602,D4,1004,20087,OK
303865602,D4,1004,20086,OK
303885602,D4,1004,20086,OK
303905602,D4,1004,20086,OK
303925602,D4,1004,20086,OK
303946602,D4,1005,20086,OK
303966602,D4,1005,20086,OK
303986602,D4,1005,20086,OK
# diag,ms=304000,channel=D4,pin=18,level=0
304006602,D4,1005,20086,OK
304026602,D4,1005,20086,OK
304046602,D4,1005,20086,OK
304066602,D4,1004,20087,OK
304086602,D4,1004,20086,OK
304106602,D4,1004,20086,OK
304126602,D4,1004,20086,OK
304146602,D4,1004,20086,OK
304166604,D4,1005,20086,OK
304187602,D4,1005,20086,OK
304207602,D4,1005,20086,OK
304227602,D4,1005,20086,OK
304247602,D4,1005,20086,OK
304267602,D4,1005,20086,OK
304287602,D4,1004,20087,OK
304307602,D4,1004,20086,OK
304327602,D4,1004,20086,OK
304347602,D4,1004,20086,OK
304367602,D4,1005,20086,OK
304387602,D4,1005,20086,OK
304408602,D4,1004,20086,OK
304428602,D4,1005,20086,OK
304448602,D4,1005,20086,OK
304468602,D4,1005,20086,OK
304488602,D4,1005,20086,OK
304508602,D4,1005,20086,OK
304528602,D4,1005,20086,OK
304548602,D4,1004,20087,OK
304568602,D4,1004,20086,OK
304588602,D4,1004,20086,OK
304608602,D4,1004,20086,OK
304628602,D4,1005,20086,OK
304649602,D4,1005,20086,OK
304669602,D4,1005,20086,OK
304689602,D4,1005,20086,OK
304709602,D4,1005,20086,OK
304729602,D4,1005,20086,OK
304749602,D4,1005,20086,OK
304769602,D4,1004,20087,OK
304789602,D4,1004,20086,OK
304809602,D4,1005,20086,OK
304829602,D4,1005,20086,OK
304849602,D4,1005,20086,OK
304870602,D4,1005,20086,OK
304890602,D4,1005,20086,OK
304910602,D4,1004,20094,OK
304930602,D4,1005,20086,OK
304950602,D4,1005,20086,OK
304970602,D4,1005,20086,OK
304990602,D4,1005,20086,OK
# diag,ms=305000,channel=D4,pin=18,level=0
305010602,D4,1005,20086,OK
305030602,D4,1005,20086,OK
305050602,D4,1005,20086,OK
305070602,D4,1004,20087,OK
305090602,D4,1004,20086,OK
305111602,D4,1005,20086,OK
305131602,D4,1005,20086,OK
305151602,D4,1005,20086,OK
305171602,D4,1005,20086,OK
305191602,D4,1005,20086,OK
305211602,D4,1005,20086,OK
305231602,D4,1005,20086,OK
305251602,D4,1005,20086,OK
305271602,D4,1005,20086,OK
305291602,D4,1005,20086,OK
305311602,D4,1004,20087,OK
305331605,D4,1007,20086,OK
305352602,D4,1004,20086,OK
305372602,D4,1004,20086,OK
305392602,D4,1004,20086,OK
305412602,D4,1006,20086,OK
305432602,D4,1004,20086,OK
305452602,D4,1004,20086,OK
305472602,D4,1005,20086,OK
305492602,D4,1005,20086,OK
305512602,D4,1005,20086,OK
305532602,D4,1005,20086,OK
305552602,D4,1005,20086,OK
305573602,D4,1005,20086,OK
305593602,D4,1005,20086,OK
305613602,D4,1005,20086,OK
305633602,D4,1005,20086,OK
305653602,D4,1004,20087,OK
305673602,D4,1005,20088,OK
305693602,D4,1005,20086,OK
305713602,D4,1005,20086,OK
305733602,D4,1005,20086,OK
305753602,D4,1005,20086,OK
305773602,D4,1005,20086,OK
305793602,D4,1004,20087,OK
305814602,D4,1004,20086,OK
305834602,D4,1004,20086,OK
305854602,D4,1004,20086,OK
305874602,D4,1004,20086,OK
305894602,D4,1004,20086,OK
305914602,D4,1005,20086,OK
305934602,D4,1005,20086,OK
305954602,D4,1004,20087,OK
305974602,D4,1004,20086,OK
305994602,D4,1005,20086,OK
# diag,ms=306000,channel=D4,pin=18,level=0
306014602,D4,1005,20086,OK
306035602,D4,1005,20086,OK
306055602,D4,1005,20086,OK
306075602,D4,1005,20086,OK
306095602,D4,1005,20086,OK
306115602,D4,1005,20086,OK
306135602,D4,1005,20086,OK
306155602,D4,1005,20086,OK
306175602,D4,1004,20093,OK
306195602,D4,1005,20085,OK
306215602,D4,1004,20087,OK
306235602,D4,1004,20086,OK
306255602,D4,1004,20086,OK
306276602,D4,1004,20086,OK
306296602,D4,1005,20086,OK
306316602,D4,1005,20086,OK
306336602,D4,1005,20086,OK
306356602,D4,1005,20086,OK
306376602,D4,1005,20086,OK
306396602,D4,1005,20086,OK
306416602,D4,1005,20086,OK
306436602,D4,1005,20086,OK
306456602,D4,1004,20087,OK
306476602,D4,1004,20086,OK
306496605,D4,1006,20086,OK
306517602,D4,1004,20086,OK
306537602,D4,1004,20086,OK
306557602,D4,1004,20086,OK
306577602,D4,1004,20086,OK
306597602,D4,1005,20086,OK
306617602,D4,1005,20086,OK
306637602,D4,1005,20086,OK
306657602,D4,1005,20086,OK
306677602,D4,1005,20086,OK
306697602,D4,1005,20086,OK
306717602,D4,1005,20086,OK
306738602,D4,1005,20086,OK
306758602,D4,1005,20086,OK
306778602,D4,1005,20086,OK
306798602,D4,1005,20086,OK
306818602,D4,1005,20086,OK
306838602,D4,1004,20087,OK
306858602,D4,1004,20086,OK
306878602,D4,1004,20086,OK
306898602,D4,1004,20086,OK
306918602,D4,1005,20086,OK
306938602,D4,1005,20086,OK
306958602,D4,1005,20086,OK
306979602,D4,1005,20086,OK
306999602,D4,1005,20086,OK
# diag,ms=307000,channel=D4,pin=18,level=0
307019602,D4,1005,20086,OK
307039602,D4,1005,20086,OK
307059602,D4,1005,20086,OK
307079602,D4,1005,20086,OK
307099602,D4,1005,20086,OK
307119602,D4,1005,20086,OK
307139602,D4,1005,20086,OK
307159602,D4,1005,20086,OK
307179602,D4,1004,20087,OK
307200602,D4,1007,20085,OK
307220602,D4,1004,20087,OK
307240602,D4,1004,20086,OK
307260602,D4,1004,20086,OK
307280602,D4,1004,20086,OK
307300602,D4,1005,20086,OK
307320602,D4,1005,20086,OK
307340602,D4,1005,20086,OK
307360602,D4,1005,20086,OK
307380602,D4,1005,20086,OK
307400602,D4,1005,20086,OK
307420602,D4,1005,20086,OK
307441602,D4,1005,20086,OK
307461602,D4,1005,20086,OK
307481602,D4,1005,20086,OK
307501602,D4,1005,20086,OK
307521602,D4,1005,20086,OK
307541602,D4,1004,20087,OK
307561602,D4,1004,20086,OK
307581602,D4,1004,20086,OK
307601602,D4,1004,20086,OK
307621602,D4,1004,20086,OK
307641602,D4,1005,20086,OK
307661602,D4,1005,20086,OK
307682602,D4,1005,20086,OK
307702602,D4,1005,20086,OK
307722602,D4,1005,20086,OK
307742602,D4,1005,20086,OK
307762602,D4,1005,20086,OK
307782602,D4,1005,20086,OK
307802602,D4,1005,20086,OK
307822602,D4,1005,20086,OK
307842602,D4,1005,20086,OK
307862602,D4,1005,20086,OK
307882602,D4,1004,20087,OK
307903602,D4,1003,20087,OK
307923602,D4,1004,20085,OK
307943602,D4,1004,20086,OK
307963602,D4,1004,20086,OK
307983602,D4,1004,20086,OK
# diag,ms=308000,channel=D4,pin=18,level=0
308003602,D4,1004,20086,OK
308023602,D4,1005,20086,OK
308043602,D4,1005,20086,OK
308063602,D4,1005,20086,OK
308083602,D4,1005,20086,OK
308103602,D4,1005,20086,OK
308123602,D4,1005,20086,OK
308144602,D4,1005,20086,OK
308164602,D4,1005,20086,OK
308184602,D4,1005,20086,OK
308204602,D4,1005,20086,OK
308224602,D4,1005,20086,OK
308244602,D4,1005,20086,OK
308264602,D4,1005,20086,OK
308284602,D4,1005,20086,OK
308304602,D4,1005,20086,OK
308324602,D4,1004,20087,OK
308344602,D4,1004,20086,OK
308364607,D4,1008,20086,OK
308385602,D4,1004,20086,OK
308405602,D4,1004,20086,OK
308425602,D4,1004,20086,OK
308445602,D4,1004,20086,OK
308465602,D4,1004,20086,OK
308485602,D4,1004,20086,OK
308505602,D4,1004,20086,OK
308525602,D4,1005,20086,OK
308545602,D4,1005,20086,OK
308565602,D4,1005,20086,OK
308585602,D4,1005,20086,OK
308606602,D4,1005,20086,OK
308626602,D4,1005,20086,OK
308646602,D4,1005,20086,OK
308666602,D4,1005,20086,OK
308686602,D4,1005,20086,OK
308706602,D4,1005,20086,OK
308726602,D4,1005,20086,OK
308746602,D4,1005,20086,OK
308766602,D4,1005,20086,OK
308786602,D4,1005,20086,OK
308806602,D4,1004,20087,OK
308826602,D4,1004,20086,OK
308847602,D4,1004,20086,OK
308867602,D4,1004,20086,OK
308887602,D4,1004,20086,OK
308907602,D4,1004,20086,OK
308927602,D4,1004,20086,OK
308947602,D4,1005,20086,OK
308967602,D4,1005,20086,OK
308987602,D4,1005,20086,OK
# diag,ms=309000,channel=D4,pin=18,level=0
309007602,D4,1005,20086,OK
309027602,D4,1005,20086,OK
309047602,D4,1005,20086,OK
309068602,D4,1005,20086,OK
309088602,D4,1005,20086,OK
309108602,D4,1005,20086,OK
309128602,D4,1005,20086,OK
309148602,D4,1005,20086,OK
309168602,D4,1005,20086,OK
309188602,D4,1005,20086,OK
309208602,D4,1005,20086,OK
309228602,D4,1004,20087,OK
309248602,D4,1004,20086,OK
309268602,D4,1004,20086,OK
309288602,D4,1004,20086,OK
309309602,D4,1004,20086,OK
309329602,D4,1004,20086,OK
309349602,D4,1005,20086,OK
309369602,D4,1005,20086,OK
309389602,D4,1005,20086,OK
309409602,D4,1005,20086,OK
309429602,D4,1005,20086,OK
309449602,D4,1005,20086,OK
309469602,D4,1005,20086,OK
309489602,D4,1005,20086,OK
309509602,D4,1005,20086,OK
309529602,D4,1005,20086,OK
309550602,D4,1005,20086,OK
309570602,D4,1005,20086,OK
309590602,D4,1005,20086,OK
309610602,D4,1004,20087,OK
309630602,D4,1004,20086,OK
309650602,D4,1004,20086,OK
309670602,D4,1004,20086,OK
309690602,D4,1004,20086,OK
309710602,D4,1005,20086,OK
309730602,D4,1004,20086,OK
309750602,D4,1004,20086,OK
309771602,D4,1005,20086,OK
309791602,D4,1005,20086,OK
309811602,D4,1005,20086,OK
309831602,D4,1005,20086,OK
309851602,D4,1005,20086,OK
309871602,D4,1005,20086,OK
309891602,D4,1005,20086,OK
309911602,D4,1005,20086,OK
309931602,D4,1005,20086,OK
309951602,D4,1005,20086,OK
309971602,D4,1005,20086,OK
309991602,D4,1005,20086,OK
# diag,ms=310000,channel=D4,pin=18,level=0
310012602,D4,1005,20086,OK
310032602,D4,1004,20087,OK
310052602,D4,1004,20086,OK
310072602,D4,1004,20086,OK
310092602,D4,1004,20086,OK
310112602,D4,1004,20086,OK
310132602,D4,1004,20086,OK
310152602,D4,1004,20086,OK
310172602,D4,1005,20086,OK
310192602,D4,1005,20086,OK
310212602,D4,1005,20086,OK
310232607,D4,1005,20087,OK
310253602,D4,1005,20085,OK
310273602,D4,1005,20086,OK
310293602,D4,1005,20086,OK
310313602,D4,1005,20086,OK
310333602,D4,1005,20086,OK
310353602,D4,1005,20086,OK
310373602,D4,1005,20086,OK
310393602,D4,1005,20086,OK
310413602,D4,1005,20086,OK
310433602,D4,1004,20087,OK
310453602,D4,1005,20085,OK
310474602,D4,1005,20086,OK
310494602,D4,1005,20086,OK
310514602,D4,1004,20087,OK
310534602,D4,1004,20086,OK
310554602,D4,1004,20086,OK
310574602,D4,1004,20086,OK
310594602,D4,1004,20086,OK
310614602,D4,1004,20086,OK
310634602,D4,1004,20086,OK
310654602,D4,1004,20086,OK
310674602,D4,1004,20086,OK
310694602,D4,1005,20086,OK
310715602,D4,1005,20086,OK
310735602,D4,1005,20086,OK
310755602,D4,1005,20086,OK
310775602,D4,1005,20086,OK
310795602,D4,1005,20086,OK
310815602,D4,1005,20086,OK
310835602,D4,1005,20086,OK
310855602,D4,1005,20086,OK
310875602,D4,1005,20086,OK
310895602,D4,1005,20086,OK
310915602,D4,1005,20086,OK
310936602,D4,1002,20088,OK
310956602,D4,1005,20084,OK
310976602,D4,1005,20087,OK
310996602,D4,1004,20086,OK
# diag,ms=311000,channel=D4,pin=18,level=0
311016602,D4,1004,20086,OK
311036602,D4,1004,20086,OK
311056602,D4,1004,20086,OK
311076602,D4,1004,20086,OK
311096602,D4,1004,20091,OK
311116602,D4,1005,20086,OK
311136602,D4,1005,20086,OK
311156602,D4,1005,20086,OK
311177602,D4,1004,20087,OK
311197602,D4,1004,20086,OK
311217602,D4,1004,20086,OK
311237602,D4,1004,20086,OK
311257602,D4,1004,20086,OK
311277602,D4,1004,20086,OK
311297602,D4,1004,20086,OK
311317602,D4,1004,20086,OK
311337602,D4,1004,20086,OK
311357602,D4,1005,20086,OK
311377602,D4,1005,20086,OK
311397605,D4,1005,20086,OK
311418602,D4,1005,20086,OK
311438602,D4,1005,20086,OK
311458602,D4,1005,20086,OK
311478602,D4,1005,20086,OK
311498602,D4,1005,20086,OK
311518602,D4,1005,20086,OK
311538602,D4,1005,20086,OK
311558602,D4,1005,20086,OK
311578602,D4,1005,20086,OK
311598602,D4,1004,20087,OK
311618602,D4,1005,20085,OK
311639602,D4,1004,20087,OK
311659602,D4,1004,20086,OK
311679602,D4,1004,20098,OK
311699602,D4,1005,20086,OK
311719602,D4,1005,20086,OK
311739602,D4,1005,20086,OK
311759602,D4,1005,20086,OK
311779602,D4,1005,20086,OK
311799602,D4,1005,20086,OK
311819602,D4,1004,20087,OK
311839602,D4,1004,20086,OK
311859602,D4,1004,20086,OK
311880602,D4,1004,20086,OK
311900602,D4,1004,20086,OK
311920602,D4,1004,20086,OK
311940602,D4,1004,20086,OK
311960602,D4,1004,20086,OK
311980602,D4,1005,20086,OK
312000602,D4,1005,20086,OK
# diag,ms=312000,channel=D4,pin=18,level=0
312020602,D4,1005,20086,OK
312040602,D4,1005,20086,OK
312060602,D4,1005,20086,OK
312080602,D4,1005,20086,OK
312101602,D4,1005,20086,OK
312121602,D4,1005,20086,OK
312141602,D4,1005,20086,OK
312161602,D4,1005,20086,OK
312181602,D4,1005,20086,OK
312201602,D4,1005,20086,OK
312221602,D4,1005,20086,OK
312241602,D4,1005,20086,OK
312261602,D4,1004,20087,OK
312281602,D4,1004,20086,OK
312301602,D4,1004,20086,OK
312321602,D4,1004,20086,OK
312342602,D4,1004,20086,OK
312362602,D4,1004,20086,OK
312382602,D4,1004,20086,OK
312402602,D4,1004,20086,OK
312422602,D4,1005,20086,OK
312442602,D4,1005,20086,OK
312462602,D4,1005,20086,OK
312482602,D4,1005,20086,OK
312502602,D4,1005,20086,OK
312522602,D4,1005,20086,OK
312542602,D4,1005,20086,OK
312562607,D4,1005,20088,OK
312583602,D4,1005,20084,OK
312603602,D4,1005,20086,OK
312623602,D4,1005,20086,OK
312643602,D4,1005,20086,OK
312663602,D4,1005,20086,OK
312683602,D4,1005,20086,OK
312703602,D4,1004,20087,OK
312723602,D4,1004,20086,OK
312743602,D4,1004,20086,OK
312763602,D4,1005,20086,OK
312783602,D4,1004,20086,OK
312804602,D4,1004,20086,OK
312824602,D4,1004,20086,OK
312844602,D4,1005,20086,OK
312864602,D4,1005,20086,OK
312884602,D4,1005,20086,OK
312904602,D4,1005,20086,OK
312924602,D4,1005,20086,OK
312944602,D4,1005,20086,OK
312964602,D4,1005,20086,OK
312984602,D4,1005,20086,OK
# diag,ms=313000,channel=D4,pin=18,level=0
313004602,D4,1005,20086,OK
313024602,D4,1005,20086,OK
313045602,D4,1005,20086,OK
313065602,D4,1005,20086,OK
313085602,D4,1005,20086,OK
313105602,D4,1004,20087,OK
313125602,D4,1004,20086,OK
313145602,D4,1004,20086,OK
313165602,D4,1004,20086,OK
313185602,D4,1004,20086,OK
313205602,D4,1004,20086,OK
313225602,D4,1004,20086,OK
313245602,D4,1004,20086,OK
313266602,D4,1002,20088,OK
313286602,D4,1005,20084,OK
313306602,D4,1005,20086,OK
313326602,D4,1005,20086,OK
313346602,D4,1005,20086,OK
313366602,D4,1005,20086,OK
313386602,D4,1005,20086,OK
313406602,D4,1005,20086,OK
313426602,D4,1005,20086,OK
313446602,D4,1005,20086,OK
313466602,D4,1005,20086,OK
313486602,D4,1005,20091,OK
313507602,D4,1004,20087,OK
313527602,D4,1004,20086,OK
313547602,D4,1004,20086,OK
313567602,D4,1004,20086,OK
313587602,D4,1004,20086,OK
313607602,D4,1004,20086,OK
313627602,D4,1004,20086,OK
313647602,D4,1004,20086,OK
313667602,D4,1005,20086,OK
313687602,D4,1005,20086,OK
313707602,D4,1005,20086,OK
313727605,D4,1006,20086,OK
313748602,D4,1005,20086,OK
313768602,D4,1005,20086,OK
313788602,D4,1005,20086,OK
313808602,D4,1005,20086,OK
313828602,D4,1005,20086,OK
313848602,D4,1005,20086,OK
313868602,D4,1005,20086,OK
313888602,D4,1005,20086,OK
313908602,D4,1005,20086,OK
313928602,D4,1005,20087,OK
313948602,D4,1004,20086,OK
313969602,D4,1004,20086,OK
313989602,D4,1012,20086,OK
# diag,ms=314000,channel=D4,pin=18,level=0
314009602,D4,1004,20086,OK
314029602,D4,1004,20086,OK
314049602,D4,1004,20086,OK
314069602,D4,1005,20086,OK
314089602,D4,1005,20086,OK
314109602,D4,1005,20086,OK
314129602,D4,1005,20086,OK
314149602,D4,1005,20086,OK
314169602,D4,1005,20086,OK
314189602,D4,1005,20086,OK
314210602,D4,1005,20086,OK
314230602,D4,1005,20086,OK
314250602,D4,1005,20086,OK
314270602,D4,1005,20086,OK
314290602,D4,1004,20087,OK
314310602,D4,1005,20085,OK
314330602,D4,1004,20087,OK
314350602,D4,1004,20086,OK
314370602,D4,1004,20086,OK
314390602,D4,1004,20086,OK
314410602,D4,1004,20086,OK
314431602,D4,1006,20086,OK
314451602,D4,1005,20086,OK
314471602,D4,1005,20086,OK
314491602,D4,1005,20086,OK
314511602,D4,1005,20086,OK
314531602,D4,1005,20086,OK
314551602,D4,1005,20086,OK
314571602,D4,1005,20086,OK
314591602,D4,1005,20086,OK
314611602,D4,1005,20086,OK
314631602,D4,1005,20086,OK
314651602,D4,1005,20086,OK
314672602,D4,1005,20086,OK
314692602,D4,1005,20086,OK
314712602,D4,1005,20086,OK
314732602,D4,1004,20087,OK
314752602,D4,1005,20093,OK
314772602,D4,1005,20086,OK
314792602,D4,1005,20086,OK
314812602,D4,1005,20086,OK
314832602,D4,1005,20086,OK
314852602,D4,1005,20086,OK
314872602,D4,1005,20086,OK
314892605,D4,1006,20087,OK
314913602,D4,1004,20086,OK
314933602,D4,1004,20086,OK
314953602,D4,1004,20086,OK
314973602,D4,1004,20086,OK
314993602,D4,1004,20086,OK
# diag,ms=315000,channel=D4,pin=18,level=0
315013602,D4,1004,20086,OK
315033602,D4,1005,20086,OK
315053602,D4,1005,20086,OK
315073602,D4,1005,20086,OK
315093602,D4,1005,20086,OK
315113602,D4,1005,20086,OK
315134602,D4,1005,20086,OK
315154602,D4,1005,20086,OK
315174602,D4,1005,20086,OK
315194602,D4,1005,20086,OK
315214602,D4,1005,20086,OK
315234602,D4,1005,20086,OK
315254602,D4,1005,20086,OK
315274602,D4,1005,20086,OK
315294602,D4,1004,20087,OK
315314602,D4,1004,20086,OK
315334602,D4,1004,20086,OK
315354602,D4,1004,20086,OK
315375602,D4,1004,20086,OK
315395602,D4,1005,20086,OK
315415602,D4,1005,20086,OK
315435602,D4,1005,20086,OK
315455602,D4,1005,20086,OK
315475602,D4,1005,20086,OK
315495602,D4,1005,20086,OK
315515602,D4,1005,20086,OK
315535602,D4,1005,20086,OK
315555602,D4,1005,20086,OK
315575602,D4,1005,20086,OK
315596602,D4,1004,20087,OK
315616602,D4,1004,20086,OK
315636602,D4,1004,20086,OK
315656602,D4,1004,20086,OK
315676602,D4,1004,20086,OK
315696602,D4,1004,20086,OK
315716602,D4,1005,20087,OK
315736602,D4,1005,20087,OK
315756602,D4,1011,20086,OK
315776602,D4,1005,20086,OK
315796602,D4,1005,20086,OK
315816602,D4,1005,20086,OK
315837602,D4,1005,20086,OK
315857602,D4,1005,20086,OK
315877602,D4,1005,20086,OK
315897602,D4,1004,20087,OK
315917602,D4,1004,20086,OK
315937602,D4,1004,20086,OK
315957602,D4,1004,20086,OK
315977602,D4,1004,20086,OK
315997602,D4,1005,20086,OK
# diag,ms=316000,channel=D4,pin=18,level=0
316017602,D4,1005,20086,OK
316037602,D4,1005,20086,OK
316057602,D4,1005,20086,OK
316078602,D4,1005,20086,OK
316098602,D4,1005,20086,OK
316118602,D4,1005,20086,OK
316138602,D4,1004,20087,OK
316158602,D4,1004,20086,OK
316178602,D4,1004,20086,OK
316198602,D4,1004,20086,OK
316218602,D4,1004,20086,OK
316238602,D4,1005,20086,OK
316258602,D4,1005,20086,OK
316278602,D4,1005,20086,OK
316299602,D4,1005,20086,OK
316319602,D4,1005,20086,OK
316339602,D4,1005,20086,OK
316359602,D4,1005,20086,OK
316379602,D4,1005,20086,OK
316399602,D4,1005,20086,OK
316419602,D4,1005,20086,OK
316439602,D4,1004,20087,OK
316459602,D4,1004,20086,OK
316479602,D4,1004,20086,OK
316499602,D4,1004,20086,OK
316519602,D4,1004,20086,OK
316540602,D4,1004,20086,OK
316560602,D4,1004,20086,OK
316580602,D4,1004,20086,OK
316600602,D4,1005,20086,OK
316620602,D4,1005,20086,OK
316640602,D4,1005,20086,OK
316660602,D4,1005,20086,OK
316680602,D4,1005,20086,OK
316700602,D4,1005,20086,OK
316720602,D4,1005,20086,OK
316740602,D4,1005,20086,OK
316760607,D4,1005,20088,OK
316781602,D4,1005,20084,OK
316801602,D4,1005,20086,OK
316821602,D4,1004,20087,OK
316841602,D4,1004,20086,OK
316861602,D4,1004,20086,OK
316881602,D4,1004,20086,OK
316901602,D4,1004,20086,OK
316921602,D4,1004,20086,OK
316941602,D4,1004,20086,OK
316961602,D4,1005,20086,OK
316981602,D4,1005,20086,OK
# diag,ms=317000,channel=D4,pin=18,level=1
317002602,D4,1003,20088,OK
317022602,D4,1005,20084,OK
317042602,D4,1005,20086,OK
317062602,D4,1005,20086,OK
317082602,D4,1005,20086,OK
317102602,D4,1005,20086,OK
317122602,D4,1005,20086,OK
317142602,D4,1005,20086,OK
317162602,D4,1005,20086,OK
317182602,D4,1005,20086,OK
317202602,D4,1005,20086,OK
317222602,D4,1004,20087,OK
317243602,D4,1004,20086,OK
317263602,D4,1004,20086,OK
317283602,D4,1004,20086,OK
317303602,D4,1004,20086,OK
317323602,D4,1004,20086,OK
317343602,D4,1004,20086,OK
317363602,D4,1004,20086,OK
317383602,D4,1005,20086,OK
317403602,D4,1005,20086,OK
317423602,D4,1005,20086,OK
317443602,D4,1005,20086,OK
317464602,D4,1002,20088,OK
317484602,D4,1005,20084,OK
317504602,D4,1005,20086,OK
317524602,D4,1005,20086,OK
317544602,D4,1005,20086,OK
317564602,D4,1005,20086,OK
317584602,D4,1005,20086,OK
317604602,D4,1004,20087,OK
317624602,D4,1005,20085,OK
317644602,D4,1004,20087,OK
317664602,D4,1004,20086,OK
317684602,D4,1004,20086,OK
317705602,D4,1013,20086,OK
317725602,D4,1004,20086,OK
317745602,D4,1004,20086,OK
317765602,D4,1005,20086,OK
317785602,D4,1005,20086,OK
317805602,D4,1005,20086,OK
317825602,D4,1005,20086,OK
317845602,D4,1005,20086,OK
317865602,D4,1005,20086,OK
317885602,D4,1005,20086,OK
317905602,D4,1005,20086,OK
317925601,D4,1005,20086,OK
317946602,D4,1005,20086,OK
317966602,D4,1005,20086,OK
317986602,D4,1005,20086,OK
# diag,ms=318000,channel=D4,pin=18,level=0
318006602,D4,1005,20086,OK
318026602,D4,1004,20087,OK
318046602,D4,1004,20086,OK
318066602,D4,1004,20086,OK
318086602,D4,1004,20086,OK
318106602,D4,1004,20086,OK
318126602,D4,1005,20086,OK
318146602,D4,1005,20086,OK
318167602,D4,1005,20086,OK
318187602,D4,1005,20086,OK
318207602,D4,1005,20086,OK
318227602,D4,1005,20086,OK
318247602,D4,1005,20086,OK
318267602,D4,1005,20086,OK
318287602,D4,1005,20086,OK
318307602,D4,1005,20086,OK
318327602,D4,1005,20086,OK
318347602,D4,1005,20086,OK
318367602,D4,1004,20087,OK
318387602,D4,1004,20086,OK
318408602,D4,1004,20086,OK
318428602,D4,1004,20086,OK
318448602,D4,1004,20086,OK
318468602,D4,1004,20086,OK
318488602,D4,1005,20086,OK
318508602,D4,1005,20086,OK
318528602,D4,1005,20086,OK
318548602,D4,1005,20086,OK
318568602,D4,1005,20086,OK
318588602,D4,1005,20086,OK
318608602,D4,1005,20086,OK
318629602,D4,1002,20090,OK
318649602,D4,1005,20082,OK
318669602,D4,1005,20086,OK
318689602,D4,1005,20086,OK
318709602,D4,1005,20086,OK
318729602,D4,1005,20086,OK
318749602,D4,1004,20087,OK
318769602,D4,1004,20086,OK
318789602,D4,1004,20086,OK
318809602,D4,1004,20086,OK
318829602,D4,1004,20086,OK
318849602,D4,1004,20086,OK
318870602,D4,1004,20086,OK
318890602,D4,1004,20086,OK
318910602,D4,1005,20086,OK
318930602,D4,1005,20086,OK
318950602,D4,1005,20086,OK
318970602,D4,1005,20086,OK
318990602,D4,1005,20086,OK
# diag,ms=319000,channel=D4,pin=18,level=0
319010602,D4,1005,20086,OK
319030602,D4,1005,20086,OK
319050602,D4,1005,20086,OK
319070602,D4,1005,20086,OK
319090602,D4,1005,20086,OK
319111602,D4,1005,20086,OK
319131602,D4,1005,20086,OK
319151602,D4,1005,20086,OK
319171602,D4,1004,20087,OK
319191602,D4,1004,20086,OK
319211602,D4,1004,20086,OK
319231602,D4,1004,20086,OK
319251602,D4,1004,20086,OK
319271602,D4,1004,20086,OK
319291602,D4,1005,20086,OK
319311602,D4,1005,20086,OK
319332602,D4,1006,20086,OK
319352602,D4,1005,20086,OK
319372602,D4,1005,20086,OK
319392602,D4,1005,20086,OK
319412602,D4,1005,20086,OK
319432602,D4,1005,20086,OK
319452602,D4,1005,20086,OK
319472602,D4,1005,20086,OK
319492602,D4,1005,20086,OK
319512602,D4,1005,20086,OK
319532602,D4,1004,20087,OK
319552602,D4,1004,20086,OK
319573602,D4,1004,20086,OK
319593602,D4,1004,20086,OK
319613602,D4,1004,20086,OK
319633602,D4,1004,20086,OK
319653602,D4,1004,20086,OK
319673602,D4,1005,20086,OK
319693602,D4,1005,20086,OK
319713602,D4,1005,20086,OK
319733602,D4,1005,20086,OK
319753602,D4,1005,20086,OK
319773602,D4,1005,20086,OK
319793604,D4,1007,20086,OK
319814602,D4,1005,20086,OK
319834602,D4,1005,20086,OK
319854602,D4,1005,20086,OK
319874602,D4,1005,20086,OK
319894602,D4,1004,20087,OK
319914602,D4,1004,20086,OK
319934602,D4,1004,20086,OK
319954602,D4,1004,20086,OK
319974602,D4,1004,20086,OK
319994602,D4,1005,20086,OK
# diag,ms=320000,channel=D4,pin=18,level=0
320014602,D4,1005,20086,OK
320035602,D4,1005,20086,OK
320055602,D4,1005,20086,OK
320075602,D4,1005,20086,OK
320095602,D4,1005,20086,OK
320115602,D4,1005,20086,OK
320135602,D4,1005,20086,OK
320155602,D4,1005,20086,OK
320175602,D4,1005,20086,OK
320195602,D4,1004,20087,OK
320215602,D4,1004,20086,OK
320235602,D4,1004,20086,OK
320255602,D4,1004,20086,OK
320276602,D4,1004,20086,OK
320296602,D4,1004,20086,OK
320316602,D4,1004,20086,OK
320336602,D4,1005,20086,OK
320356602,D4,1005,20086,OK
320376602,D4,1005,20086,OK
320396602,D4,1005,20086,OK
320416602,D4,1005,20086,OK
320436602,D4,1005,20086,OK
320456602,D4,1005,20086,OK
320476602,D4,1005,20086,OK
320497602,D4,1004,20087,OK
320517602,D4,1004,20086,OK
320537602,D4,1005,20085,OK
320557602,D4,1004,20087,OK
320577602,D4,1004,20086,OK
320597602,D4,1004,20086,OK
320617602,D4,1004,20086,OK
320637602,D4,1004,20086,OK
320657602,D4,1004,20086,OK
320677602,D4,1005,20086,OK
320697602,D4,1005,20086,OK
320717602,D4,1005,20086,OK
320738602,D4,1005,20086,OK
320758602,D4,1005,20086,OK
320778602,D4,1005,20086,OK
320798602,D4,1005,20086,OK
320818602,D4,1005,20086,OK
320838602,D4,1005,20086,OK
320858602,D4,1005,20086,OK
320878602,D4,1005,20086,OK
320898602,D4,1004,20087,OK
320918602,D4,1004,20086,OK
320938602,D4,1004,20086,OK
320958602,D4,1004,20086,OK
320979602,D4,1004,20086,OK
320999602,D4,1004,20086,OK
# diag,ms=321000,channel=D4,pin=18,level=0
321019602,D4,1004,20086,OK
321039602,D4,1004,20086,OK
321059602,D4,1005,20086,OK
321079602,D4,1005,20086,OK
321099602,D4,1005,20086,OK
321119602,D4,1005,20086,OK
321139602,D4,1005,20086,OK
321159602,D4,1005,20086,OK
321179602,D4,1005,20086,OK
321200602,D4,1002,20089,OK
321220602,D4,1005,20083,OK
321240602,D4,1005,20086,OK
321260602,D4,1005,20086,OK
321280602,D4,1005,20086,OK
321300602,D4,1004,20087,OK
321320602,D4,1004,20086,OK
321340602,D4,1004,20086,OK
321360602,D4,1004,20086,OK
321380602,D4,1004,20086,OK
321400602,D4,1004,20086,OK
321420602,D4,1004,20086,OK
321441602,D4,1005,20086,OK
321461602,D4,1005,20086,OK
321481602,D4,1005,20086,OK
321501602,D4,1005,20086,OK
321521602,D4,1005,20086,OK
321541602,D4,1005,20086,OK
321561602,D4,1005,20086,OK
321581602,D4,1005,20086,OK
321601602,D4,1005,20086,OK
321621602,D4,1005,20086,OK
321641602,D4,1005,20086,OK
321661605,D4,1004,20087,OK
321682602,D4,1004,20086,OK
321702602,D4,1004,20086,OK
321722602,D4,1004,20086,OK
321742602,D4,1004,20086,OK
321762602,D4,1004,20086,OK
321782602,D4,1004,20086,OK
321802602,D4,1005,20086,OK
321822602,D4,1005,20086,OK
321842602,D4,1005,20086,OK
321862602,D4,1005,20086,OK
321882602,D4,1005,20086,OK
321903602,D4,1005,20086,OK
321923602,D4,1005,20086,OK
321943602,D4,1005,20086,OK
321963602,D4,1005,20086,OK
321983602,D4,1005,20086,OK
# diag,ms=322000,channel=D4,pin=18,level=0
322003602,D4,1005,20086,OK
322023602,D4,1005,20086,OK
322043602,D4,1004,20087,OK
322063602,D4,1004,20086,OK
322083602,D4,1004,20086,OK
322103602,D4,1004,20086,OK
322123602,D4,1004,20086,OK
322144602,D4,1004,20086,OK
322164602,D4,1004,20086,OK
322184602,D4,1005,20086,OK
322204602,D4,1005,20086,OK
322224602,D4,1005,20086,OK
322244602,D4,1005,20086,OK
322264602,D4,1005,20086,OK
322284602,D4,1005,20086,OK
322304602,D4,1005,20086,OK
322324602,D4,1005,20086,OK
322344602,D4,1005,20086,OK
322363602,D4,0,4294967294,TIMEOUT
322365602,D4,1006,20086,OK
322385602,D4,1005,20086,OK
322405602,D4,1005,20086,OK
322425602,D4,1004,20087,OK
322445602,D4,1004,20086,OK
322465602,D4,1004,20086,OK
322485602,D4,1004,20086,OK
322505602,D4,1004,20086,OK
322525602,D4,1004,20086,OK
322545602,D4,1005,20086,OK
322565602,D4,1005,20086,OK
322585602,D4,1005,20086,OK
322606602,D4,1005,20086,OK
322626602,D4,1005,20086,OK
322646602,D4,1005,20086,OK
322666602,D4,1004,20091,OK
322686602,D4,1005,20086,OK
322706602,D4,1005,20086,OK
322726602,D4,1005,20086,OK
322746602,D4,1005,20086,OK
322766602,D4,1005,20086,OK
322786602,D4,1004,20087,OK
322806602,D4,1004,20086,OK
322826604,D4,1004,20086,OK
322847602,D4,1004,20086,OK
322867602,D4,1004,20086,OK
322887602,D4,1004,20086,OK
322907602,D4,1004,20086,OK
322927602,D4,1005,20086,OK
322947602,D4,1005,20086,OK
322967602,D4,1005,20086,OK
322987602,D4,1005,20086,OK
# diag,ms=323000,channel=D4,pin=18,level=0
323007602,D4,1005,20086,OK
323027602,D4,1005,20086,OK
323047602,D4,1005,20086,OK
323068602,D4,1004,20090,OK
323088602,D4,1005,20086,OK
323108602,D4,1005,20086,OK
323128602,D4,1005,20086,OK
323148602,D4,1004,20087,OK
323168602,D4,1004,20086,OK
323188602,D4,1004,20086,OK
323208602,D4,1004,20086,OK
323228602,D4,1004,20086,OK
323248602,D4,1004,20086,OK
323268602,D4,1005,20086,OK
323288602,D4,1005,20086,OK
323309602,D4,1005,20086,OK
323329602,D4,1005,20086,OK
323349602,D4,1005,20086,OK
323369602,D4,1005,20086,OK
323389602,D4,1005,20086,OK
323409602,D4,1005,20086,OK
323429602,D4,1005,20086,OK
323449602,D4,1005,20086,OK
323469602,D4,1005,20086,OK
323489602,D4,1005,20086,OK
323509602,D4,1004,20087,OK
323530602,D4,1006,20091,OK
323550602,D4,1005,20086,OK
323570602,D4,1005,20086,OK
323590602,D4,1005,20086,OK
323610602,D4,1005,20086,OK
323630602,D4,1005,20086,OK
323650602,D4,1005,20086,OK
323670602,D4,1005,20086,OK
323690602,D4,1005,20086,OK
323710602,D4,1005,20086,OK
323730602,D4,1004,20087,OK
323750602,D4,1004,20086,OK
323771602,D4,1004,20086,OK
323791602,D4,1004,20086,OK
323811602,D4,1004,20086,OK
323831602,D4,1005,20092,OK
323851602,D4,1005,20086,OK
323871602,D4,1005,20086,OK
323891602,D4,1005,20086,OK
323911602,D4,1004,20087,OK
323931602,D4,1004,20086,OK
323951602,D4,1004,20086,OK
323971602,D4,1004,20086,OK
323991607,D4,1005,20087,OK
# diag,ms=324000,channel=D4,pin=18,level=0
324012602,D4,1004,20085,OK
324032602,D4,1004,20086,OK
324052602,D4,1005,20086,OK
324072602,D4,1005,20086,OK
324092602,D4,1005,20086,OK
324112602,D4,1005,20086,OK
324132602,D4,1005,20086,OK
324152602,D4,1005,20086,OK
324172602,D4,1005,20086,OK
324192602,D4,1004,20087,OK
324212602,D4,1005,20085,OK
324233602,D4,1005,20086,OK
324253602,D4,1005,20086,OK
324273602,D4,1005,20086,OK
324293602,D4,1004,20087,OK
324313602,D4,1004,20086,OK
324333602,D4,1011,20086,OK
324353602,D4,1004,20086,OK
324373602,D4,1004,20086,OK
324393602,D4,1005,20088,OK
324413602,D4,1005,20087,OK
324433602,D4,1005,20086,OK
324453602,D4,1005,20086,OK
324474602,D4,1005,20086,OK
324494602,D4,1005,20086,OK
324514602,D4,1005,20086,OK
324534602,D4,1005,20086,OK
324554602,D4,1005,20086,OK
324574602,D4,1005,20086,OK
324594602,D4,1005,20086,OK
324614602,D4,1005,20086,OK
324634602,D4,1005,20086,OK
324654602,D4,1004,20087,OK
324674602,D4,1004,20086,OK
324695602,D4,1006,20085,OK
324715602,D4,1004,20087,OK
324735602,D4,1004,20086,OK
324755602,D4,1004,20086,OK
324775602,D4,1005,20086,OK
324795602,D4,1005,20086,OK
324815602,D4,1005,20086,OK
324835602,D4,1005,20086,OK
324855602,D4,1005,20086,OK
324875602,D4,1005,20086,OK
324895602,D4,1005,20086,OK
324915602,D4,1005,20086,OK
324936602,D4,1005,20086,OK
324956602,D4,1005,20086,OK
324976602,D4,1005,20086,OK
324996602,D4,1004,20087,OK
# diag,ms=325000,channel=D4,pin=18,level=0
325016602,D4,1004,20086,OK
325036602,D4,1004,20086,OK
325056602,D4,1004,20086,OK
325076602,D4,1004,20086,OK
325096602,D4,1004,20086,OK
325116602,D4,1005,20086,OK
325136602,D4,1005,20086,OK
325156605,D4,1007,20086,OK
325177602,D4,1005,20086,OK
325197602,D4,1005,20086,OK
325217602,D4,1005,20086,OK
325237602,D4,1005,20086,OK
325257602,D4,1005,20086,OK
325277602,D4,1005,20086,OK
325297602,D4,1005,20086,OK
325317602,D4,1004,20087,OK
325337602,D4,1004,20086,OK
325357602,D4,1005,20086,OK
325377602,D4,1004,20086,OK
325398602,D4,1004,20086,OK
325418602,D4,1004,20086,OK
325438602,D4,1005,20086,OK
325458602,D4,1005,20086,OK
325478602,D4,1005,20086,OK
325498602,D4,1005,20086,OK
325518602,D4,1005,20086,OK
325538602,D4,1005,20086,OK
325558602,D4,1005,20086,OK
325578602,D4,1005,20086,OK
325598602,D4,1005,20086,OK
325618602,D4,1005,20086,OK
325639602,D4,1005,20086,OK
325659602,D4,1005,20086,OK
325679602,D4,1004,20087,OK
325699602,D4,1004,20086,OK
325719602,D4,1004,20086,OK
325739602,D4,1004,20086,OK
325759602,D4,1004,20086,OK
325779602,D4,1004,20086,OK
325799602,D4,1005,20086,OK
325819602,D4,1005,20086,OK
325839602,D4,1005,20086,OK
325860602,D4,1005,20086,OK
325880602,D4,1005,20086,OK
325900602,D4,1005,20086,OK
325920602,D4,1005,20086,OK
325940602,D4,1005,20086,OK
325960602,D4,1005,20086,OK
325980602,D4,1005,20086,OK
326000602,D4,1005,20086,OK
# diag,ms=326000,channel=D4,pin=18,level=0
326020602,D4,1004,20087,OK
326040602,D4,1004,20086,OK
326060602,D4,1004,20086,OK
326080602,D4,1004,20086,OK
326101602,D4,1004,20086,OK
326121602,D4,1004,20086,OK
326141602,D4,1005,20086,OK
326161602,D4,1005,20086,OK
326181602,D4,1005,20086,OK
326201602,D4,1005,20086,OK
326221602,D4,1005,20086,OK
326241602,D4,1005,20086,OK
326261602,D4,1004,20087,OK
326281602,D4,1004,20086,OK
326301602,D4,1004,20086,OK
326321602,D4,1004,20086,OK
326342602,D4,1005,20086,OK
326362602,D4,1005,20086,OK
326382602,D4,1005,20086,OK
326402602,D4,1005,20086,OK
326422602,D4,1005,20086,OK
326442602,D4,1005,20086,OK
326462602,D4,1005,20086,OK
326482602,D4,1005,20086,OK
326502602,D4,1005,20086,OK
326522602,D4,1004,20087,OK
326542602,D4,1004,20086,OK
326563602,D4,1003,20087,OK
326583602,D4,1005,20085,OK
326603602,D4,1005,20086,OK
326623602,D4,1005,20086,OK
326643602,D4,1005,20086,OK
326663602,D4,1004,20087,OK
326683602,D4,1004,20086,OK
326703602,D4,1004,20086,OK
326723602,D4,1004,20086,OK
326743602,D4,1004,20086,OK
326763602,D4,1005,20086,OK
326783602,D4,1005,20086,OK
326804602,D4,1005,20086,OK
326824602,D4,1005,20086,OK
326844602,D4,1004,20087,OK
326864602,D4,1004,20086,OK
326884602,D4,1005,20086,OK
326904602,D4,1005,20086,OK
326924602,D4,1005,20086,OK
326944602,D4,1005,20086,OK
326964602,D4,1005,20086,OK
326984602,D4,1005,20086,OK
# diag,ms=327000,channel=D4,pin=18,level=0
327004602,D4,1004,20087,OK
327024607,D4,1005,20087,OK
327045602,D4,1005,20085,OK
327065602,D4,1005,20086,OK
327085602,D4,1005,20086,OK
327105602,D4,1005,20086,OK
327125602,D4,1005,20086,OK
327145602,D4,1005,20086,OK
327165602,D4,1005,20086,OK
327185602,D4,1005,20086,OK
327205602,D4,1004,20087,OK
327225602,D4,1005,20086,OK
327245602,D4,1004,20086,OK
327266602,D4,1004,20086,OK
327286602,D4,1004,20086,OK
327306602,D4,1005,20086,OK
327326602,D4,1005,20086,OK
327346602,D4,1005,20087,OK
327366602,D4,1005,20086,OK
327386602,D4,1005,20086,OK
327406602,D4,1005,20086,OK
327426602,D4,1004,20087,OK
327446602,D4,1004,20086,OK
327466602,D4,1004,20086,OK
327486602,D4,1004,20086,OK
327507602,D4,1005,20086,OK
327527602,D4,1005,20086,OK
327547602,D4,1005,20086,OK
327567602,D4,1005,20086,OK
327587602,D4,1005,20086,OK
327607602,D4,1005,20086,OK
327627602,D4,1005,20086,OK
327647602,D4,1005,20086,OK
327667602,D4,1005,20086,OK
327687602,D4,1005,20086,OK
327707602,D4,1004,20087,OK
327728602,D4,1006,20086,OK
327748602,D4,1005,20086,OK
327768602,D4,1005,20086,OK
327788602,D4,1005,20086,OK
327808602,D4,1005,20086,OK
327828602,D4,1005,20086,OK
