419079602,D4,1005,20086,OK
419099602,D4,1005,20086,OK
419119602,D4,1005,20086,OK
419139602,D4,1005,20086,OK
419159602,D4,1005,20086,OK
419179602,D4,1004,20087,OK
419199602,D4,1005,20085,OK
419220602,D4,1004,20087,OK
419240602,D4,1005,20085,OK
419260602,D4,1004,20087,OK
419280602,D4,1004,20086,OK
419300602,D4,1004,20086,OK
419320602,D4,1004,20086,OK
419340602,D4,1004,20086,OK
419360602,D4,1004,20086,OK
419380602,D4,1004,20086,OK
419400602,D4,1004,20086,OK
419420602,D4,1004,20086,OK
419440602,D4,1004,20086,OK
419461602,D4,1004,20086,OK
419481602,D4,1004,20086,OK
419501602,D4,1004,20086,OK
419521602,D4,1004,20086,OK
419541602,D4,1004,20086,OK
419561602,D4,1004,20086,OK
419581602,D4,1004,20086,OK
419601602,D4,1004,20086,OK
419621602,D4,1004,20086,OK
419641602,D4,1004,20086,OK
419661602,D4,1004,20086,OK
419682602,D4,1001,20089,OK
419702602,D4,1004,20083,OK
419722602,D4,1004,20086,OK
419742602,D4,1005,20086,OK
419762602,D4,1005,20086,OK
419782602,D4,1005,20086,OK
419802602,D4,1005,20086,OK
419822602,D4,1005,20086,OK
419842602,D4,1005,20086,OK
419862602,D4,1005,20086,OK
419882602,D4,1005,20086,OK
419902602,D4,1005,20086,OK
419923602,D4,1005,20086,OK
419943602,D4,1005,20086,OK
419963602,D4,1005,20086,OK
419983602,D4,1005,20086,OK
# diag,ms=420000,channel=D4,pin=18,level=0
420003602,D4,1005,20086,OK
420023602,D4,1005,20086,OK
420043602,D4,1005,20086,OK
420063602,D4,1005,20086,OK
420083602,D4,1005,20086,OK
420103602,D4,1005,20086,OK
420123602,D4,1005,20086,OK
420143605,D4,1006,20086,OK
420164602,D4,1005,20086,OK
420184602,D4,1005,20086,OK
420204602,D4,1005,20086,OK
420224602,D4,1005,20086,OK
420244602,D4,1005,20086,OK
420264602,D4,1005,20086,OK
420284602,D4,1005,20086,OK
420304602,D4,1005,20086,OK
420324602,D4,1005,20086,OK
420344602,D4,1005,20086,OK
420364602,D4,1005,20086,OK
420385602,D4,1005,20086,OK
420405602,D4,1005,20086,OK
420425602,D4,1005,20086,OK
420445602,D4,1005,20086,OK
420465602,D4,1005,20086,OK
420485602,D4,1005,20086,OK
420505602,D4,1005,20086,OK
420525602,D4,1005,20086,OK
420545602,D4,1005,20086,OK
420565602,D4,1005,20086,OK
420585602,D4,1004,20087,OK
420605602,D4,1005,20085,OK
420626602,D4,1005,20086,OK
420646602,D4,1005,20086,OK
420666602,D4,1004,20087,OK
420686602,D4,1004,20086,OK
420706602,D4,1004,20086,OK
420726602,D4,1004,20086,OK
420746602,D4,1004,20086,OK
420766602,D4,1004,20086,OK
420786602,D4,1004,20086,OK
420806602,D4,1004,20086,OK
420826602,D4,1004,20086,OK
420847602,D4,1004,20086,OK
420867602,D4,1004,20086,OK
420887602,D4,1004,20086,OK
420907602,D4,1004,20086,OK
420927602,D4,1004,20086,OK
420947602,D4,1004,20086,OK
420967602,D4,1004,20086,OK
420987602,D4,1004,20086,OK
# diag,ms=421000,channel=D4,pin=18,level=0
421007602,D4,1004,20086,OK
421027602,D4,1004,20086,OK
421047602,D4,1004,20086,OK
421067602,D4,1004,20086,OK
421088602,D4,1004,20086,OK
421108602,D4,1004,20086,OK
421128602,D4,1004,20086,OK
421148602,D4,1004,20086,OK
421168602,D4,1004,20086,OK
421188602,D4,1004,20086,OK
421208602,D4,1004,20086,OK
421228602,D4,1005,20086,OK
421248602,D4,1005,20086,OK
421268602,D4,1005,20086,OK
421288602,D4,1005,20086,OK
421308602,D4,1005,20086,OK
421329602,D4,1005,20086,OK
421349602,D4,1005,20086,OK
421369602,D4,1005,20086,OK
421389602,D4,1005,20086,OK
421409602,D4,1005,20086,OK
421429602,D4,1005,20086,OK
421449602,D4,1005,20086,OK
421469602,D4,1005,20086,OK
421489602,D4,1005,20086,OK
421509602,D4,1005,20086,OK
421529602,D4,1005,20086,OK
421550602,D4,1006,20085,OK
421570602,D4,1005,20087,OK
421590602,D4,1005,20086,OK
421610602,D4,1005,20086,OK
421630602,D4,1005,20086,OK
421650602,D4,1005,20086,OK
421670602,D4,1005,20086,OK
421690602,D4,1005,20086,OK
421710602,D4,1005,20086,OK
421730602,D4,1005,20086,OK
421750602,D4,1005,20086,OK
421770602,D4,1005,20086,OK
421791602,D4,1005,20086,OK
421811602,D4,1005,20086,OK
421831602,D4,1005,20086,OK
421851602,D4,1005,20086,OK
421871602,D4,1005,20086,OK
421891602,D4,1005,20086,OK
421911602,D4,1004,20091,OK
421931602,D4,1005,20086,OK
421951602,D4,1005,20086,OK
421971602,D4,1005,20086,OK
421991602,D4,1005,20086,OK
# diag,ms=422000,channel=D4,pin=18,level=0
422011607,D4,1005,20088,OK
422032602,D4,1005,20084,OK
422052602,D4,1005,20086,OK
422072602,D4,1005,20086,OK
422092602,D4,1005,20086,OK
422112602,D4,1005,20086,OK
422132602,D4,1005,20086,OK
422152602,D4,1005,20086,OK
422172602,D4,1005,20086,OK
422192602,D4,1004,20087,OK
422212602,D4,1005,20086,OK
422232602,D4,1005,20085,OK
422253602,D4,1005,20086,OK
422273602,D4,1004,20087,OK
422293602,D4,1004,20086,OK
422313602,D4,1004,20086,OK
422333602,D4,1004,20086,OK
422353602,D4,1004,20086,OK
422373602,D4,1004,20086,OK
422393602,D4,1004,20086,OK
422413602,D4,1004,20086,OK
422433602,D4,1004,20086,OK
422453602,D4,1004,20086,OK
422473602,D4,1004,20086,OK
422494602,D4,1004,20086,OK
422514602,D4,1004,20086,OK
422534602,D4,1004,20086,OK
422554602,D4,1004,20086,OK
422574602,D4,1004,20086,OK
422594602,D4,1004,20086,OK
422614602,D4,1004,20086,OK
422634602,D4,1004,20086,OK
422654602,D4,1004,20086,OK
422674602,D4,1004,20086,OK
422694602,D4,1004,20086,OK
422715602,D4,1004,20086,OK
422735602,D4,1004,20086,OK
422755602,D4,1004,20086,OK
422775602,D4,1004,20086,OK
422795602,D4,1004,20086,OK
422815602,D4,1004,20086,OK
422835602,D4,1004,20086,OK
422855602,D4,1005,20086,OK
422875602,D4,1004,20086,OK
422895602,D4,1004,20086,OK
422915602,D4,1004,20086,OK
422935602,D4,1004,20086,OK
422956602,D4,1004,20086,OK
422976602,D4,1004,20086,OK
422996602,D4,1004,20086,OK
# diag,ms=423000,channel=D4,pin=18,level=0
423016602,D4,1004,20086,OK
423036602,D4,1005,20086,OK
423056602,D4,1005,20086,OK
423076602,D4,1005,20086,OK
423096602,D4,1005,20086,OK
423116602,D4,1005,20086,OK
423136602,D4,1005,20086,OK
423156602,D4,1005,20086,OK
423176602,D4,1005,20086,OK
423197602,D4,1005,20086,OK
423217602,D4,1005,20086,OK
423237602,D4,1005,20086,OK
423257602,D4,1005,20086,OK
423277602,D4,1005,20086,OK
423297602,D4,1005,20086,OK
423317602,D4,1005,20086,OK
423337602,D4,1005,20086,OK
423357602,D4,1005,20086,OK
423377602,D4,1005,20086,OK
423397602,D4,1005,20086,OK
423418602,D4,1005,20086,OK
423438602,D4,1005,20086,OK
423458602,D4,1005,20086,OK
423478602,D4,1005,20086,OK
423498602,D4,1005,20086,OK
423518602,D4,1005,20086,OK
423538602,D4,1005,20086,OK
423558602,D4,1005,20086,OK
423578602,D4,1005,20086,OK
423598602,D4,1005,20086,OK
423618602,D4,1004,20087,OK
423638602,D4,1005,20086,OK
423659602,D4,1005,20086,OK
423679602,D4,1005,20086,OK
423699602,D4,1005,20086,OK
423719602,D4,1005,20086,OK
423739602,D4,1005,20086,OK
423759602,D4,1005,20086,OK
423779602,D4,1005,20086,OK
423799602,D4,1005,20086,OK
423819602,D4,1005,20086,OK
423839602,D4,1005,20086,OK
423859602,D4,1005,20086,OK
423879607,D4,1005,20088,OK
423900602,D4,1005,20084,OK
423920602,D4,1005,20086,OK
423940602,D4,1005,20086,OK
423960602,D4,1005,20086,OK
423980602,D4,1005,20086,OK
424000602,D4,1005,20086,OK
# diag,ms=424000,channel=D4,pin=18,level=0
424020602,D4,1005,20086,OK
424040602,D4,1005,20086,OK
424060602,D4,1005,20086,OK
424080602,D4,1004,20087,OK
424100602,D4,1004,20086,OK
424121602,D4,1005,20085,OK
424141602,D4,1005,20086,OK
424161602,D4,1004,20087,OK
424181602,D4,1005,20085,OK
424201602,D4,1005,20086,OK
424221602,D4,1004,20087,OK
424241602,D4,1004,20086,OK
424261602,D4,1004,20086,OK
424281602,D4,1004,20086,OK
424301602,D4,1004,20086,OK
424321602,D4,1004,20086,OK
424341602,D4,1004,20086,OK
424362602,D4,1004,20086,OK
424382602,D4,1004,20086,OK
424402602,D4,1004,20086,OK
424422602,D4,1004,20086,OK
424442602,D4,1004,20086,OK
424462602,D4,1004,20086,OK
424482602,D4,1004,20086,OK
424502602,D4,1004,20086,OK
424522602,D4,1004,20086,OK
424542602,D4,1004,20086,OK
424562602,D4,1004,20086,OK
424583602,D4,1004,20086,OK
424603602,D4,1004,20086,OK
424623602,D4,1004,20086,OK
424643602,D4,1004,20086,OK
424663602,D4,1004,20086,OK
424683602,D4,1004,20086,OK
424703602,D4,1004,20086,OK
424723602,D4,1004,20086,OK
424743602,D4,1004,20086,OK
424763602,D4,1004,20086,OK
424783602,D4,1005,20086,OK
424803602,D4,1004,20086,OK
424824602,D4,1004,20086,OK
424844602,D4,1005,20086,OK
424864602,D4,1005,20086,OK
424884602,D4,1005,20086,OK
424904602,D4,1005,20086,OK
424924602,D4,1005,20086,OK
424944602,D4,1005,20086,OK
424964602,D4,1005,20086,OK
424984602,D4,1005,20086,OK
# diag,ms=425000,channel=D4,pin=18,level=0
425004602,D4,1005,20086,OK
425024602,D4,1005,20086,OK
425044602,D4,1005,20086,OK
425065602,D4,1005,20086,OK
425085602,D4,1005,20086,OK
425105602,D4,1005,20086,OK
425125602,D4,1005,20086,OK
425145602,D4,1005,20086,OK
425165602,D4,1005,20086,OK
425185602,D4,1005,20086,OK
425205602,D4,1005,20086,OK
425225602,D4,1005,20086,OK
425245602,D4,1005,20086,OK
425265602,D4,1005,20086,OK
425286602,D4,1004,20087,OK
425306602,D4,1004,20086,OK
425326602,D4,1004,20086,OK
425346602,D4,1004,20086,OK
425366602,D4,1004,20086,OK
425386602,D4,1004,20089,OK
425406602,D4,1005,20086,OK
425426602,D4,1005,20086,OK
425446602,D4,1005,20086,OK
425466602,D4,1005,20086,OK
425486602,D4,1005,20086,OK
425506602,D4,1005,20086,OK
425527602,D4,1005,20086,OK
425547602,D4,1005,20086,OK
425567602,D4,1005,20086,OK
425587602,D4,1005,20086,OK
425607602,D4,1005,20086,OK
425627602,D4,1005,20086,OK
425647602,D4,1005,20086,OK
425667602,D4,1005,20086,OK
425687602,D4,1005,20086,OK
425707602,D4,1005,20086,OK
425727602,D4,1005,20086,OK
425748602,D4,1002,20090,OK
425768602,D4,1005,20082,OK
425788602,D4,1005,20086,OK
425808602,D4,1005,20086,OK
425828602,D4,1005,20086,OK
425848602,D4,1005,20086,OK
425868602,D4,1005,20086,OK
425888602,D4,1006,20086,OK
425908602,D4,1005,20086,OK
425928602,D4,1005,20086,OK
425948602,D4,1004,20087,OK
425968602,D4,1004,20086,OK
425989602,D4,1005,20085,OK
# diag,ms=426000,channel=D4,pin=18,level=0
426009602,D4,1005,20086,OK
426029602,D4,1005,20086,OK
426049602,D4,1004,20087,OK
426069602,D4,1004,20086,OK
426089602,D4,1004,20086,OK
426109602,D4,1004,20086,OK
426129602,D4,1004,20086,OK
426149602,D4,1004,20086,OK
426169602,D4,1004,20086,OK
426189602,D4,1004,20086,OK
426209602,D4,1004,20086,OK
426230602,D4,1004,20086,OK
426250602,D4,1004,20086,OK
426270602,D4,1004,20086,OK
426290602,D4,1004,20086,OK
426310602,D4,1004,20086,OK
426330602,D4,1004,20086,OK
426350602,D4,1004,20086,OK
426370602,D4,1004,20086,OK
426390602,D4,1004,20086,OK
426410602,D4,1004,20086,OK
426430602,D4,1004,20086,OK
426451602,D4,1006,20087,OK
426471602,D4,1004,20085,OK
426491602,D4,1004,20086,OK
426511602,D4,1004,20086,OK
426531602,D4,1004,20086,OK
426551602,D4,1004,20086,OK
426571602,D4,1004,20086,OK
426591602,D4,1004,20086,OK
426611602,D4,1004,20086,OK
426631602,D4,1004,20086,OK
426651602,D4,1004,20086,OK
426671602,D4,1004,20086,OK
426692602,D4,1004,20086,OK
426712602,D4,1004,20086,OK
426732602,D4,1005,20086,OK
426752602,D4,1005,20086,OK
426772602,D4,1005,20086,OK
426792602,D4,1005,20086,OK
426812602,D4,1005,20086,OK
426832602,D4,1005,20087,OK
426852602,D4,1005,20086,OK
426872602,D4,1005,20086,OK
426892602,D4,1005,20086,OK
426912603,D4,1005,20086,OK
426933602,D4,1005,20086,OK
426953602,D4,1005,20086,OK
426973602,D4,1004,20087,OK
426993602,D4,1004,20086,OK
# diag,ms=427000,channel=D4,pin=18,level=0
427013602,D4,1004,20086,OK
427033602,D4,1004,20086,OK
427053602,D4,1004,20086,OK
427073602,D4,1004,20086,OK
427093602,D4,1004,20086,OK
427113602,D4,1005,20086,OK
427133602,D4,1004,20086,OK
427154602,D4,1004,20086,OK
427174602,D4,1004,20086,OK
427194602,D4,1004,20086,OK
427214602,D4,1004,20086,OK
427234602,D4,1004,20086,OK
427254602,D4,1004,20086,OK
427274602,D4,1004,20086,OK
427294602,D4,1004,20086,OK
427314602,D4,1004,20086,OK
427334602,D4,1004,20086,OK
427354602,D4,1004,20086,OK
427374602,D4,1004,20086,OK
427395602,D4,1004,20086,OK
427415602,D4,1004,20086,OK
427435602,D4,1004,20086,OK
427455602,D4,1004,20086,OK
427475602,D4,1004,20086,OK
427495602,D4,1004,20086,OK
427515602,D4,1004,20086,OK
427535602,D4,1004,20086,OK
427555602,D4,1004,20086,OK
427575602,D4,1004,20086,OK
427595602,D4,1004,20086,OK
427616602,D4,1002,20089,OK
427636602,D4,1005,20083,OK
427656602,D4,1005,20086,OK
427676602,D4,1005,20086,OK
427696602,D4,1005,20086,OK
427716602,D4,1005,20086,OK
427736602,D4,1005,20086,OK
427756602,D4,1005,20086,OK
427776602,D4,1005,20086,OK
427796602,D4,1005,20086,OK
427816602,D4,1005,20086,OK
427836602,D4,1005,20086,OK
427857602,D4,1005,20086,OK
427877602,D4,1005,20086,OK
427897602,D4,1005,20086,OK
427917602,D4,1005,20086,OK
427937602,D4,1005,20086,OK
427957602,D4,1005,20086,OK
427977602,D4,1005,20086,OK
427997602,D4,1005,20086,OK
# diag,ms=428000,channel=D4,pin=18,level=0
428017602,D4,1005,20086,OK
428037602,D4,1005,20086,OK
428057602,D4,1005,20086,OK
428077602,D4,1005,20086,OK
428098602,D4,1005,20086,OK
428118602,D4,1005,20086,OK
428138602,D4,1005,20086,OK
428158602,D4,1005,20086,OK
428178602,D4,1005,20086,OK
428198602,D4,1005,20086,OK
428218602,D4,1005,20086,OK
428238602,D4,1005,20086,OK
428258602,D4,1005,20086,OK
428278602,D4,1005,20086,OK
428298602,D4,1005,20086,OK
428319602,D4,1006,20087,OK
428339602,D4,1005,20085,OK
428359602,D4,1005,20086,OK
428379602,D4,1005,20086,OK
428399602,D4,1005,20086,OK
428419602,D4,1005,20086,OK
428439602,D4,1005,20086,OK
428459602,D4,1005,20086,OK
428479602,D4,1005,20086,OK
428499602,D4,1005,20086,OK
428519602,D4,1005,20086,OK
428539602,D4,1005,20086,OK
428560602,D4,1005,20086,OK
428580602,D4,1005,20086,OK
428600602,D4,1005,20086,OK
428620602,D4,1005,20086,OK
428640602,D4,1005,20086,OK
428660602,D4,1005,20086,OK
428680602,D4,1005,20086,OK
428700602,D4,1005,20086,OK
428720602,D4,1004,20087,OK
428740602,D4,1004,20086,OK
428760602,D4,1004,20086,OK
428780603,D4,1004,20086,OK
428801602,D4,1004,20086,OK
428821602,D4,1004,20086,OK
428841602,D4,1004,20086,OK
428861602,D4,1004,20086,OK
428881602,D4,1004,20086,OK
428901602,D4,1004,20086,OK
428921602,D4,1004,20086,OK
428941602,D4,1004,20086,OK
428961602,D4,1004,20086,OK
428981602,D4,1005,20086,OK
# diag,ms=429000,channel=D4,pin=18,level=1
429001602,D4,1004,20086,OK
429022602,D4,1004,20086,OK
429042602,D4,1004,20086,OK
429062602,D4,1004,20086,OK
429082602,D4,1004,20086,OK
429102602,D4,1004,20086,OK
429122602,D4,1004,20086,OK
429142602,D4,1004,20086,OK
429162602,D4,1004,20086,OK
429182602,D4,1004,20086,OK
429202602,D4,1004,20086,OK
429222602,D4,1004,20086,OK
429242602,D4,1005,20086,OK
429263602,D4,1004,20086,OK
429283602,D4,1004,20086,OK
429303602,D4,1004,20086,OK
429323602,D4,1004,20086,OK
429343602,D4,1005,20086,OK
429363602,D4,1005,20086,OK
429383602,D4,1005,20086,OK
429403602,D4,1005,20086,OK
429423602,D4,1005,20086,OK
429443602,D4,1005,20086,OK
429463602,D4,1005,20086,OK
429483607,D4,1006,20085,OK
429504602,D4,1005,20087,OK
429524602,D4,1005,20086,OK
429544602,D4,1005,20086,OK
429564602,D4,1005,20086,OK
429584602,D4,1005,20086,OK
429604602,D4,1005,20086,OK
429624602,D4,1005,20086,OK
429644602,D4,1005,20086,OK
429664602,D4,1005,20086,OK
429684602,D4,1005,20086,OK
429704602,D4,1005,20086,OK
429725602,D4,1005,20086,OK
429745602,D4,1005,20086,OK
429765602,D4,1005,20086,OK
429785602,D4,1005,20086,OK
429805602,D4,1005,20086,OK
429825602,D4,1005,20086,OK
429845602,D4,1005,20086,OK
429865602,D4,1005,20086,OK
429885602,D4,1005,20086,OK
429905602,D4,1005,20086,OK
429925602,D4,1005,20086,OK
429945602,D4,1005,20086,OK
429966602,D4,1005,20086,OK
429986602,D4,1005,20086,OK
# diag,ms=430000,channel=D4,pin=18,level=0
430006602,D4,1005,20086,OK
430026602,D4,1005,20086,OK
430046602,D4,1005,20086,OK
430066602,D4,1005,20086,OK
430086602,D4,1005,20086,OK
430106602,D4,1005,20086,OK
430126602,D4,1005,20086,OK
430146602,D4,1005,20086,OK
430166602,D4,1004,20087,OK
430187602,D4,1006,20087,OK
430207602,D4,1005,20085,OK
430227602,D4,1004,20086,OK
430247602,D4,1004,20086,OK
430267602,D4,1005,20086,OK
430287602,D4,1005,20086,OK
430307602,D4,1005,20086,OK
430327602,D4,1005,20086,OK
430347602,D4,1005,20086,OK
430367602,D4,1005,20086,OK
430387602,D4,1005,20086,OK
430407602,D4,1005,20086,OK
430428602,D4,1005,20086,OK
430448602,D4,1005,20086,OK
430468602,D4,1005,20086,OK
430488602,D4,1005,20086,OK
430508602,D4,1005,20086,OK
430528602,D4,1005,20086,OK
430548602,D4,1005,20086,OK
430568602,D4,1005,20086,OK
430588602,D4,1005,20086,OK
430608602,D4,1005,20086,OK
430628602,D4,1005,20086,OK
430648602,D4,1005,20086,OK
430669602,D4,1005,20086,OK
430689602,D4,1005,20086,OK
430709602,D4,1005,20086,OK
430729602,D4,1005,20086,OK
430749602,D4,1005,20086,OK
430769602,D4,1005,20086,OK
430789602,D4,1005,20086,OK
430809602,D4,1005,20086,OK
430829602,D4,1005,20086,OK
430849602,D4,1005,20086,OK
430869602,D4,1005,20086,OK
430890602,D4,1005,20086,OK
430910602,D4,1005,20086,OK
430930602,D4,1005,20086,OK
430950602,D4,1005,20086,OK
430970602,D4,1005,20086,OK
430990602,D4,1005,20086,OK
# diag,ms=431000,channel=D4,pin=18,level=0
431010602,D4,1005,20086,OK
431030602,D4,1005,20086,OK
431050602,D4,1005,20086,OK
431070602,D4,1005,20086,OK
431090602,D4,1005,20086,OK
431110602,D4,1005,20086,OK
431131602,D4,1005,20086,OK
431151602,D4,1005,20086,OK
431171602,D4,1005,20086,OK
431191602,D4,1005,20086,OK
431211602,D4,1005,20086,OK
431231602,D4,1005,20086,OK
431251602,D4,1005,20086,OK
431271602,D4,1005,20086,OK
431291602,D4,1005,20086,OK
431311602,D4,1005,20086,OK
431331602,D4,1005,20086,OK
431351607,D4,1005,20086,OK
431372602,D4,1005,20086,OK
431392602,D4,1005,20086,OK
431412602,D4,1005,20086,OK
431432602,D4,1004,20087,OK
431452602,D4,1005,20085,OK
431472602,D4,1004,20087,OK
431492602,D4,1004,20086,OK
431512602,D4,1004,20086,OK
431532602,D4,1004,20086,OK
431552602,D4,1004,20086,OK
431572602,D4,1004,20086,OK
431593602,D4,1004,20086,OK
431613602,D4,1004,20086,OK
431633602,D4,1004,20086,OK
431653602,D4,1004,20086,OK
431673602,D4,1004,20086,OK
431693602,D4,1004,20086,OK
431713602,D4,1004,20086,OK
431733602,D4,1004,20086,OK
431753602,D4,1005,20091,OK
431773602,D4,1004,20087,OK
431793602,D4,1004,20086,OK
431813602,D4,1004,20086,OK
431834602,D4,1004,20086,OK
431854602,D4,1004,20086,OK
431874602,D4,1004,20086,OK
431894602,D4,1004,20086,OK
431914602,D4,1004,20086,OK
431934602,D4,1004,20086,OK
431954602,D4,1004,20086,OK
431974602,D4,1004,20086,OK
431994602,D4,1004,20086,OK
# diag,ms=432000,channel=D4,pin=18,level=0
432014602,D4,1005,20086,OK
432034602,D4,1004,20086,OK
432055602,D4,1003,20088,OK
432075602,D4,1004,20084,OK
432095602,D4,1005,20086,OK
432115602,D4,1005,20086,OK
432135602,D4,1005,20086,OK
432155602,D4,1005,20086,OK
432175602,D4,1005,20086,OK
432195602,D4,1005,20086,OK
432215602,D4,1005,20086,OK
432235602,D4,1005,20086,OK
432255602,D4,1005,20086,OK
432275602,D4,1005,20086,OK
432296602,D4,1005,20086,OK
432316602,D4,1005,20086,OK
432336602,D4,1005,20086,OK
432356602,D4,1005,20086,OK
432376602,D4,1005,20086,OK
432396602,D4,1005,20086,OK
432416602,D4,1005,20086,OK
432436602,D4,1005,20086,OK
432456602,D4,1005,20086,OK
432476602,D4,1005,20086,OK
432496602,D4,1005,20086,OK
432516605,D4,1005,20086,OK
432537602,D4,1005,20086,OK
432557602,D4,1005,20086,OK
432577602,D4,1005,20086,OK
432597602,D4,1005,20086,OK
432617602,D4,1005,20086,OK
432637602,D4,1005,20086,OK
432657602,D4,1005,20086,OK
432677602,D4,1005,20086,OK
432697602,D4,1005,20086,OK
432717602,D4,1004,20087,OK
432737602,D4,1005,20085,OK
432758602,D4,1005,20086,OK
432778602,D4,1005,20086,OK
432798602,D4,1005,20086,OK
432818602,D4,1004,20087,OK
432838602,D4,1004,20086,OK
432858602,D4,1004,20086,OK
432878602,D4,1004,20086,OK
432898602,D4,1005,20086,OK
432918602,D4,1005,20086,OK
432938602,D4,1004,20086,OK
432958602,D4,1004,20086,OK
432978602,D4,1005,20086,OK
432999602,D4,1005,20086,OK
# diag,ms=433000,channel=D4,pin=18,level=0
433019602,D4,1005,20086,OK
433039602,D4,1005,20086,OK
433059602,D4,1005,20086,OK
433079602,D4,1005,20086,OK
433099602,D4,1005,20086,OK
433119602,D4,1005,20086,OK
433139602,D4,1005,20086,OK
433159602,D4,1005,20086,OK
433179602,D4,1005,20086,OK
433199602,D4,1005,20086,OK
433220602,D4,1005,20087,OK
433240602,D4,1005,20085,OK
433260602,D4,1005,20086,OK
433280602,D4,1005,20086,OK
433300602,D4,1005,20086,OK
433320602,D4,1005,20086,OK
433340602,D4,1005,20086,OK
433360602,D4,1005,20086,OK
433380602,D4,1005,20086,OK
433400602,D4,1005,20086,OK
433420602,D4,1005,20086,OK
433440602,D4,1005,20086,OK
433461602,D4,1005,20086,OK
433481602,D4,1005,20086,OK
433501602,D4,1005,20086,OK
433521602,D4,1005,20086,OK
433541602,D4,1005,20086,OK
433561602,D4,1005,20086,OK
433581602,D4,1005,20086,OK
433601602,D4,1005,20086,OK
433621602,D4,1005,20086,OK
433641602,D4,1005,20086,OK
433661602,D4,1005,20086,OK
433681602,D4,1005,20086,OK
433702602,D4,1005,20086,OK
433722602,D4,1005,20086,OK
433742602,D4,1005,20086,OK
433762602,D4,1005,20086,OK
433782602,D4,1005,20086,OK
433802602,D4,1005,20086,OK
433822602,D4,1005,20086,OK
433842602,D4,1005,20086,OK
433862602,D4,1005,20086,OK
433882602,D4,1005,20086,OK
433902602,D4,1005,20086,OK
433923602,D4,1002,20089,OK
433943602,D4,1005,20083,OK
433963602,D4,1005,20086,OK
433983602,D4,1005,20086,OK
# diag,ms=434000,channel=D4,pin=18,level=0
434003602,D4,1005,20086,OK
434023602,D4,1005,20086,OK
434043602,D4,1005,20086,OK
434063602,D4,1005,20086,OK
434083602,D4,1005,20086,OK
434103602,D4,1005,20086,OK
434123602,D4,1005,20086,OK
434143602,D4,1004,20087,OK
434164602,D4,1005,20085,OK
434184602,D4,1004,20087,OK
434204602,D4,1004,20086,OK
434224602,D4,1004,20086,OK
434244602,D4,1004,20086,OK
434264602,D4,1004,20086,OK
434284602,D4,1004,20086,OK
434304602,D4,1004,20086,OK
434324602,D4,1004,20086,OK
434344602,D4,1004,20086,OK
434364602,D4,1004,20086,OK
434384605,D4,1005,20086,OK
434405602,D4,1004,20086,OK
434425602,D4,1004,20086,OK
434445602,D4,1004,20086,OK
434465602,D4,1004,20086,OK
434485602,D4,1004,20086,OK
434505602,D4,1004,20086,OK
434525602,D4,1004,20086,OK
434545602,D4,1004,20086,OK
434565602,D4,1004,20086,OK
434585602,D4,1005,20086,OK
434605602,D4,1004,20086,OK
434626602,D4,1004,20086,OK
434646602,D4,1004,20086,OK
434666602,D4,1004,20086,OK
434686602,D4,1004,20086,OK
434706602,D4,1005,20088,OK
434726602,D4,1004,20087,OK
434746602,D4,1004,20086,OK
434766602,D4,1004,20086,OK
434786602,D4,1004,20086,OK
434806602,D4,1005,20086,OK
434826602,D4,1005,20086,OK
434846602,D4,1005,20086,OK
434867602,D4,1005,20086,OK
434887602,D4,1005,20086,OK
434907602,D4,1005,20086,OK
434927602,D4,1005,20086,OK
434947602,D4,1009,20086,OK
434967602,D4,1005,20086,OK
434987602,D4,1005,20086,OK
# diag,ms=435000,channel=D4,pin=18,level=0
435007602,D4,1005,20086,OK
435027602,D4,1005,20086,OK
435047602,D4,1005,20086,OK
435067602,D4,1005,20086,OK
435088602,D4,1005,20086,OK
435108602,D4,1005,20086,OK
435128602,D4,1005,20086,OK
435148602,D4,1005,20086,OK
435168602,D4,1005,20086,OK
435188602,D4,1005,20086,OK
435208602,D4,1005,20086,OK
435228602,D4,1005,20086,OK
435248602,D4,1005,20086,OK
435268602,D4,1005,20086,OK
435288602,D4,1005,20086,OK
435308602,D4,1005,20086,OK
435329602,D4,1005,20086,OK
435349602,D4,1005,20086,OK
435369602,D4,1005,20086,OK
435389602,D4,1005,20086,OK
435409602,D4,1005,20086,OK
435429602,D4,1005,20086,OK
435449602,D4,1005,20086,OK
435469602,D4,1005,20086,OK
435489602,D4,1005,20086,OK
435509602,D4,1005,20086,OK
435529602,D4,1005,20086,OK
435549602,D4,1005,20086,OK
435570602,D4,1005,20086,OK
435590602,D4,1005,20086,OK
435610602,D4,1005,20086,OK
435630602,D4,1005,20086,OK
435650602,D4,1005,20086,OK
435670602,D4,1005,20086,OK
435690602,D4,1005,20086,OK
435710602,D4,1011,20086,OK
435730602,D4,1005,20086,OK
435750602,D4,1005,20086,OK
435770602,D4,1005,20086,OK
435791602,D4,1004,20087,OK
435811602,D4,1005,20085,OK
435831602,D4,1005,20086,OK
435851602,D4,1005,20086,OK
435871602,D4,1005,20086,OK
435891602,D4,1005,20086,OK
435911602,D4,1005,20086,OK
435931602,D4,1005,20086,OK
435951602,D4,1005,20086,OK
435971602,D4,1005,20090,OK
435991602,D4,1005,20086,OK
# diag,ms=436000,channel=D4,pin=18,level=0
436011602,D4,1004,20087,OK
436032602,D4,1004,20086,OK
436052602,D4,1004,20086,OK
436072602,D4,1004,20086,OK
436092602,D4,1004,20086,OK
436112602,D4,1004,20086,OK
436132602,D4,1004,20086,OK
436152602,D4,1004,20086,OK
436172602,D4,1004,20086,OK
436192602,D4,1004,20086,OK
436212602,D4,1004,20086,OK
436232602,D4,1004,20086,OK
436252607,D4,1005,20085,OK
436273602,D4,1004,20087,OK
436293602,D4,1004,20086,OK
436313602,D4,1004,20086,OK
436333602,D4,1004,20086,OK
436353602,D4,1004,20086,OK
436373602,D4,1004,20086,OK
436393602,D4,1004,20086,OK
436413602,D4,1004,20086,OK
436433602,D4,1004,20086,OK
436453602,D4,1005,20086,OK
436473602,D4,1010,20086,OK
436494602,D4,1004,20086,OK
436514602,D4,1004,20086,OK
436534602,D4,1004,20086,OK
436554602,D4,1004,20086,OK
436574602,D4,1004,20086,OK
436594602,D4,1004,20086,OK
436614602,D4,1004,20086,OK
436634602,D4,1005,20086,OK
436654602,D4,1005,20086,OK
436674602,D4,1005,20086,OK
436694602,D4,1005,20086,OK
436714602,D4,1005,20086,OK
436735602,D4,1005,20086,OK
436755602,D4,1005,20086,OK
436775602,D4,1005,20086,OK
436795602,D4,1005,20086,OK
436815602,D4,1005,20086,OK
436835602,D4,1005,20086,OK
436855602,D4,1005,20086,OK
436875602,D4,1005,20086,OK
436895602,D4,1005,20086,OK
436915602,D4,1005,20086,OK
436935602,D4,1005,20086,OK
436956602,D4,1007,20087,OK
436976602,D4,1010,20085,OK
436996602,D4,1005,20086,OK
# diag,ms=437000,channel=D4,pin=18,level=0
437016602,D4,1005,20086,OK
437036602,D4,1005,20086,OK
437056602,D4,1005,20086,OK
437076602,D4,1005,20086,OK
437096602,D4,1005,20086,OK
437116602,D4,1005,20086,OK
437136602,D4,1005,20086,OK
437156602,D4,1005,20086,OK
437176602,D4,1005,20086,OK
437197602,D4,1005,20086,OK
437217602,D4,1005,20086,OK
437237602,D4,1005,20086,OK
437257602,D4,1005,20086,OK
437277602,D4,1005,20086,OK
437297602,D4,1005,20086,OK
437317602,D4,1005,20086,OK
437337602,D4,1005,20086,OK
437357602,D4,1005,20086,OK
437377602,D4,1005,20086,OK
437397602,D4,1005,20086,OK
437417601,D4,1005,20086,OK
437438602,D4,1005,20086,OK
437458602,D4,1005,20086,OK
437478602,D4,1005,20086,OK
437498602,D4,1005,20086,OK
437518602,D4,1005,20086,OK
437538602,D4,1005,20086,OK
437558602,D4,1005,20086,OK
437578602,D4,1005,20086,OK
437598602,D4,1005,20086,OK
437618602,D4,1005,20086,OK
437638602,D4,1005,20086,OK
437659602,D4,1005,20086,OK
437679602,D4,1005,20086,OK
437699602,D4,1005,20086,OK
437719602,D4,1004,20087,OK
437739602,D4,1005,20087,OK
437759602,D4,1004,20087,OK
437779602,D4,1004,20086,OK
437799602,D4,1004,20086,OK
437819602,D4,1004,20086,OK
437839602,D4,1004,20086,OK
437859602,D4,1004,20086,OK
437879602,D4,1004,20086,OK
437900602,D4,1004,20086,OK
437920602,D4,1004,20086,OK
437940602,D4,1004,20086,OK
437960602,D4,1004,20086,OK
437980602,D4,1004,20086,OK
438000602,D4,1004,20086,OK
# diag,ms=438000,channel=D4,pin=18,level=0
438020602,D4,1004,20086,OK
438040602,D4,1004,20086,OK
438060602,D4,1004,20086,OK
438080602,D4,1004,20086,OK
438100602,D4,1004,20086,OK
438121602,D4,1002,20089,OK
438141602,D4,1004,20083,OK
438161602,D4,1004,20086,OK
438181602,D4,1004,20086,OK
438201602,D4,1004,20086,OK
438221602,D4,1004,20086,OK
438241602,D4,1010,20086,OK
438261602,D4,1004,20086,OK
438281602,D4,1004,20086,OK
438301602,D4,1004,20086,OK
438321602,D4,1005,20086,OK
438341602,D4,1005,20086,OK
438362602,D4,1005,20086,OK
438382602,D4,1005,20086,OK
438402602,D4,1005,20086,OK
438422602,D4,1005,20086,OK
438442602,D4,1005,20086,OK
438462602,D4,1005,20086,OK
438482602,D4,1005,20086,OK
438502602,D4,1005,20086,OK
438522602,D4,1005,20086,OK
438542602,D4,1005,20086,OK
438562602,D4,1005,20086,OK
438582602,D4,1005,20086,OK
438603602,D4,1005,20086,OK
438623602,D4,1005,20086,OK
438643602,D4,1005,20086,OK
438663602,D4,1005,20086,OK
438683602,D4,1005,20086,OK
438703602,D4,1005,20086,OK
438723602,D4,1005,20086,OK
438743602,D4,1007,20086,OK
438763602,D4,1005,20086,OK
438783602,D4,1005,20086,OK
438803602,D4,1005,20086,OK
438824602,D4,1006,20087,OK
438844602,D4,1005,20085,OK
438864602,D4,1005,20086,OK
438884602,D4,1005,20086,OK
438904602,D4,1005,20086,OK
438924602,D4,1005,20086,OK
438944602,D4,1005,20086,OK
438964602,D4,1005,20086,OK
438984602,D4,1005,20086,OK
# diag,ms=439000,channel=D4,pin=18,level=0
439004602,D4,1005,20086,OK
439024602,D4,1005,20086,OK
439044602,D4,1005,20086,OK
439065602,D4,1005,20086,OK
439085602,D4,1005,20086,OK
439105602,D4,1005,20086,OK
439125602,D4,1005,20086,OK
439145602,D4,1005,20086,OK
439165602,D4,1005,20086,OK
439185602,D4,1005,20086,OK
439205602,D4,1005,20086,OK
439225602,D4,1005,20086,OK
439245602,D4,1005,20086,OK
439265602,D4,1005,20086,OK
439285602,D4,1005,20086,OK
439306602,D4,1005,20086,OK
439326602,D4,1005,20086,OK
439346602,D4,1005,20086,OK
439366602,D4,1005,20086,OK
439386602,D4,1005,20086,OK
439406602,D4,1005,20086,OK
439426602,D4,1005,20086,OK
439446602,D4,1004,20087,OK
439466602,D4,1004,20086,OK
439486602,D4,1005,20086,OK
439506602,D4,1004,20086,OK
439527602,D4,1004,20086,OK
439547602,D4,1004,20086,OK
439567602,D4,1005,20090,OK
439587602,D4,1004,20087,OK
439607602,D4,1004,20086,OK
439627602,D4,1004,20086,OK
439647602,D4,1004,20086,OK
439667602,D4,1004,20086,OK
439687602,D4,1004,20086,OK
439707602,D4,1004,20086,OK
439727602,D4,1004,20086,OK
439747602,D4,1004,20086,OK
439768602,D4,1004,20086,OK
439788602,D4,1004,20086,OK
439808602,D4,1004,20086,OK
439828602,D4,1004,20086,OK
439848602,D4,1004,20086,OK
439868602,D4,1005,20086,OK
439888602,D4,1004,20086,OK
439908602,D4,1004,20086,OK
439928602,D4,1004,20086,OK
439948602,D4,1004,20086,OK
439968602,D4,1004,20086,OK
439989602,D4,1005,20087,OK
# diag,ms=440000,channel=D4,pin=18,level=0
440009602,D4,1004,20085,OK
440029602,D4,1004,20086,OK
440049602,D4,1005,20086,OK
440069602,D4,1005,20086,OK
440089602,D4,1005,20086,OK
440109602,D4,1005,20086,OK
440129602,D4,1005,20086,OK
440149602,D4,1005,20086,OK
440169602,D4,1005,20086,OK
440189602,D4,1005,20086,OK
440209602,D4,1005,20086,OK
440230602,D4,1005,20086,OK
440250602,D4,1005,20086,OK
440270602,D4,1005,20086,OK
440290602,D4,1005,20086,OK
440310602,D4,1005,20086,OK
440330602,D4,1005,20086,OK
440350602,D4,1005,20086,OK
440370602,D4,1005,20086,OK
440390602,D4,1005,20086,OK
440410602,D4,1005,20086,OK
440430602,D4,1005,20086,OK
440450602,D4,1005,20086,OK
440471602,D4,1005,20086,OK
440491602,D4,1005,20086,OK
440511602,D4,1005,20086,OK
440531602,D4,1005,20086,OK
440551602,D4,1005,20086,OK
440571602,D4,1005,20086,OK
440591602,D4,1005,20086,OK
440611602,D4,1005,20086,OK
440631602,D4,1005,20086,OK
440651602,D4,1005,20086,OK
440671602,D4,1005,20086,OK
440692602,D4,1002,20089,OK
440712602,D4,1005,20083,OK
440732602,D4,1005,20086,OK
440752602,D4,1005,20086,OK
440772602,D4,1005,20086,OK
440792602,D4,1005,20086,OK
440812602,D4,1005,20086,OK
440832602,D4,1005,20086,OK
440852602,D4,1005,20086,OK
440872602,D4,1005,20086,OK
440892602,D4,1005,20086,OK
440912602,D4,1005,20086,OK
440933602,D4,1005,20086,OK
440953602,D4,1005,20086,OK
440973602,D4,1005,20086,OK
440993602,D4,1005,20086,OK
# diag,ms=441000,channel=D4,pin=18,level=0
441013602,D4,1005,20086,OK
441033602,D4,1005,20086,OK
441053602,D4,1005,20086,OK
441073602,D4,1005,20086,OK
441093602,D4,1005,20086,OK
441113602,D4,1005,20086,OK
441133602,D4,1005,20086,OK
441153605,D4,1006,20086,OK
441174602,D4,1005,20086,OK
441194602,D4,1005,20086,OK
441214602,D4,1005,20086,OK
441234602,D4,1005,20086,OK
441254602,D4,1005,20086,OK
441274602,D4,1005,20086,OK
441294602,D4,1005,20086,OK
441314602,D4,1005,20086,OK
441334602,D4,1005,20086,OK
441354602,D4,1004,20087,OK
441374602,D4,1004,20086,OK
441395602,D4,1004,20086,OK
441415602,D4,1004,20086,OK
441435602,D4,1004,20086,OK
441455602,D4,1004,20086,OK
441475602,D4,1004,20086,OK
441495602,D4,1004,20086,OK
441515602,D4,1004,20086,OK
441535602,D4,1004,20086,OK
441555602,D4,1004,20086,OK
441575602,D4,1004,20086,OK
441595602,D4,1004,20086,OK
441615602,D4,1004,20086,OK
441636602,D4,1004,20086,OK
441656602,D4,1004,20086,OK
441676602,D4,1004,20086,OK
441696602,D4,1004,20086,OK
441716602,D4,1004,20086,OK
441736602,D4,1004,20086,OK
441756602,D4,1004,20086,OK
441776602,D4,1004,20086,OK
441796602,D4,1004,20086,OK
441816602,D4,1004,20086,OK
441836602,D4,1004,20086,OK
441857602,D4,1004,20086,OK
441877602,D4,1004,20086,OK
441897602,D4,1004,20086,OK
441917602,D4,1004,20086,OK
441937602,D4,1004,20086,OK
441957602,D4,1005,20086,OK
441977602,D4,1005,20086,OK
441997602,D4,1004,20086,OK
# diag,ms=442000,channel=D4,pin=18,level=0
442017602,D4,1005,20086,OK
442037602,D4,1004,20086,OK
442057602,D4,1005,20086,OK
442077602,D4,1005,20086,OK
442098602,D4,1004,20086,OK
442118602,D4,1005,20086,OK
442138602,D4,1005,20086,OK
442158602,D4,1005,20086,OK
442178602,D4,1005,20086,OK
442198602,D4,1005,20086,OK
442218602,D4,1005,20086,OK
442238602,D4,1005,20086,OK
442258602,D4,1005,20086,OK
442278602,D4,1005,20086,OK
442298602,D4,1005,20086,OK
442318602,D4,1005,20086,OK
442339602,D4,1005,20086,OK
442359602,D4,1005,20086,OK
442379602,D4,1005,20086,OK
442399602,D4,1005,20086,OK
442419602,D4,1005,20086,OK
442439602,D4,1005,20086,OK
442459602,D4,1005,20086,OK
442479602,D4,1005,20086,OK
442499602,D4,1005,20086,OK
442519602,D4,1005,20086,OK
442539602,D4,1005,20086,OK
442560602,D4,1006,20085,OK
442580602,D4,1005,20087,OK
442600602,D4,1005,20086,OK
442620602,D4,1005,20086,OK
442640602,D4,1005,20086,OK
442660602,D4,1005,20086,OK
442680602,D4,1005,20086,OK
442700602,D4,1005,20086,OK
442720602,D4,1005,20086,OK
442740602,D4,1005,20086,OK
442760602,D4,1005,20086,OK
442780602,D4,1005,20086,OK
442801602,D4,1005,20086,OK
442821602,D4,1005,20086,OK
442841602,D4,1005,20086,OK
442861602,D4,1005,20086,OK
442881602,D4,1005,20086,OK
442901602,D4,1005,20086,OK
442921602,D4,1005,20086,OK
442941602,D4,1005,20086,OK
442961602,D4,1005,20086,OK
442981602,D4,1005,20086,OK
# diag,ms=443000,channel=D4,pin=18,level=1
443001602,D4,1005,20086,OK
443021605,D4,1007,20086,OK
443042602,D4,1005,20086,OK
443062602,D4,1005,20086,OK
443082602,D4,1005,20086,OK
443102602,D4,1005,20086,OK
443122602,D4,1005,20086,OK
443142602,D4,1005,20086,OK
443162602,D4,1005,20086,OK
443182602,D4,1004,20087,OK
443202602,D4,1005,20085,OK
443222602,D4,1004,20087,OK
443242602,D4,1005,20085,OK
443263602,D4,1005,20086,OK
443283602,D4,1005,20086,OK
443303602,D4,1005,20086,OK
443323602,D4,1005,20086,OK
443343602,D4,1005,20086,OK
443363602,D4,1004,20087,OK
443383602,D4,1004,20086,OK
443403602,D4,1004,20086,OK
443423602,D4,1004,20086,OK
443443602,D4,1004,20086,OK
443463602,D4,1004,20086,OK
443483602,D4,1004,20086,OK
443504602,D4,1004,20086,OK
443524602,D4,1004,20093,OK
443544602,D4,1005,20086,OK
443564602,D4,1005,20086,OK
443584602,D4,1005,20086,OK
443604602,D4,1005,20086,OK
443624602,D4,1005,20086,OK
443644602,D4,1005,20086,OK
443664602,D4,1005,20086,OK
443684602,D4,1005,20086,OK
443704602,D4,1005,20086,OK
443725602,D4,1007,20087,OK
443745602,D4,1005,20085,OK
443765602,D4,1005,20086,OK
443785602,D4,1005,20086,OK
443805602,D4,1005,20086,OK
443825602,D4,1005,20086,OK
443845602,D4,1005,20086,OK
443865602,D4,1005,20086,OK
443885602,D4,1005,20086,OK
443905602,D4,1005,20086,OK
443925602,D4,1005,20086,OK
443945602,D4,1005,20086,OK
443966602,D4,1005,20086,OK
443986602,D4,1005,20086,OK
# diag,ms=444000,channel=D4,pin=18,level=0
444006602,D4,1005,20086,OK
444026602,D4,1005,20086,OK
444046602,D4,1005,20086,OK
444066602,D4,1005,20086,OK
444086602,D4,1005,20086,OK
444106602,D4,1005,20086,OK
444126602,D4,1005,20086,OK
444146602,D4,1005,20086,OK
444166602,D4,1005,20086,OK
444186601,D4,1005,20086,OK
444207602,D4,1005,20086,OK
444227602,D4,1005,20086,OK
444247602,D4,1005,20086,OK
444267602,D4,1005,20086,OK
444287602,D4,1005,20086,OK
444307602,D4,1005,20086,OK
444327602,D4,1005,20086,OK
444347602,D4,1005,20086,OK
444367602,D4,1005,20086,OK
444387602,D4,1005,20086,OK
444407602,D4,1005,20086,OK
444428602,D4,1005,20086,OK
444448602,D4,1005,20086,OK
444468602,D4,1004,20087,OK
444488602,D4,1004,20086,OK
444508602,D4,1005,20085,OK
444528602,D4,1005,20086,OK
444548602,D4,1005,20086,OK
444568602,D4,1005,20086,OK
444588602,D4,1004,20087,OK
444608602,D4,1005,20085,OK
444628602,D4,1004,20087,OK
444648602,D4,1004,20086,OK
444669602,D4,1004,20086,OK
444689602,D4,1004,20086,OK
444709602,D4,1004,20086,OK
444729602,D4,1004,20086,OK
444749602,D4,1004,20086,OK
444769602,D4,1004,20086,OK
444789602,D4,1004,20090,OK
444809602,D4,1004,20086,OK
444829602,D4,1004,20086,OK
444849602,D4,1004,20086,OK
444869602,D4,1004,20086,OK
444890602,D4,1003,20087,OK
444910602,D4,1004,20085,OK
444930602,D4,1004,20086,OK
444950602,D4,1004,20086,OK
444970602,D4,1004,20086,OK
444990602,D4,1004,20086,OK
# diag,ms=445000,channel=D4,pin=18,level=0
445010602,D4,1004,20086,OK
445030602,D4,1004,20086,OK
445050602,D4,1004,20086,OK
445070602,D4,1004,20086,OK
445090602,D4,1004,20086,OK
445110602,D4,1004,20086,OK
445131602,D4,1004,20086,OK
445151602,D4,1004,20086,OK
445171602,D4,1004,20086,OK
445191602,D4,1004,20086,OK
445211602,D4,1004,20086,OK
445231602,D4,1004,20086,OK
445251602,D4,1004,20086,OK
445271602,D4,1004,20086,OK
445291602,D4,1004,20086,OK
445311602,D4,1004,20086,OK
445331602,D4,1004,20086,OK
445351602,D4,1004,20090,OK
445372602,D4,1005,20086,OK
445392602,D4,1005,20086,OK
445412602,D4,1005,20086,OK
445432602,D4,1005,20086,OK
445452602,D4,1005,20086,OK
445472602,D4,1005,20086,OK
445492602,D4,1005,20086,OK
445512602,D4,1005,20086,OK
445532602,D4,1005,20086,OK
445552602,D4,1005,20086,OK
445572602,D4,1005,20086,OK
445593602,D4,1004,20087,OK
445613602,D4,1005,20085,OK
445633602,D4,1005,20086,OK
445653602,D4,1005,20086,OK
445673602,D4,1005,20086,OK
445693602,D4,1005,20086,OK
445713602,D4,1004,20087,OK
445733602,D4,1005,20085,OK
445753602,D4,1005,20086,OK
445773602,D4,1005,20086,OK
445793602,D4,1007,20086,OK
445813602,D4,1005,20086,OK
445834602,D4,1004,20087,OK
445854602,D4,1004,20086,OK
445874602,D4,1004,20086,OK
445894602,D4,1004,20086,OK
445914602,D4,1004,20086,OK
445934602,D4,1004,20086,OK
445954602,D4,1004,20086,OK
445974602,D4,1004,20086,OK
445994602,D4,1004,20086,OK
# diag,ms=446000,channel=D4,pin=18,level=0
446014602,D4,1004,20086,OK
446034602,D4,1004,20086,OK
446054607,D4,1008,20086,OK
446075602,D4,1004,20086,OK
446095602,D4,1004,20086,OK
446115602,D4,1004,20086,OK
446135602,D4,1004,20086,OK
446155602,D4,1004,20086,OK
446175602,D4,1004,20086,OK
446195602,D4,1004,20086,OK
446215602,D4,1004,20086,OK
446235602,D4,1004,20086,OK
446255602,D4,1005,20086,OK
446275602,D4,1004,20086,OK
446296602,D4,1004,20086,OK
446316602,D4,1004,20086,OK
446336602,D4,1004,20086,OK
446356602,D4,1004,20086,OK
446376602,D4,1004,20086,OK
446396602,D4,1004,20086,OK
446416602,D4,1004,20086,OK
446436602,D4,1004,20086,OK
446456602,D4,1004,20086,OK
446476602,D4,1004,20086,OK
446496602,D4,1004,20086,OK
446516602,D4,1004,20086,OK
446537602,D4,1004,20086,OK
446557602,D4,1005,20088,OK
446577602,D4,1005,20086,OK
446597602,D4,1005,20086,OK
446617602,D4,1005,20086,OK
446637602,D4,1005,20086,OK
446657602,D4,1005,20086,OK
446677602,D4,1005,20086,OK
446697602,D4,1005,20086,OK
446717602,D4,1005,20086,OK
446737602,D4,1005,20086,OK
446758602,D4,1004,20087,OK
446778602,D4,1005,20085,OK
446798602,D4,1005,20086,OK
446818602,D4,1005,20086,OK
446838602,D4,1005,20086,OK
446858602,D4,1005,20086,OK
446878602,D4,1005,20086,OK
446898602,D4,1005,20086,OK
446918602,D4,1004,20087,OK
446938602,D4,1004,20086,OK
446958602,D4,1004,20086,OK
446978602,D4,1004,20086,OK
446999602,D4,1004,20086,OK
# diag,ms=447000,channel=D4,pin=18,level=0
447019602,D4,1004,20086,OK
447039602,D4,1004,20086,OK
447059602,D4,1008,20086,OK
447079602,D4,1004,20086,OK
447099602,D4,1004,20086,OK
447119602,D4,1004,20086,OK
447139602,D4,1004,20086,OK
447159602,D4,1004,20086,OK
447179602,D4,1004,20086,OK
447199602,D4,1004,20086,OK
447219602,D4,1004,20086,OK
447240602,D4,1004,20086,OK
447260602,D4,1004,20086,OK
447280602,D4,1004,20086,OK
447300602,D4,1004,20086,OK
447320602,D4,1004,20086,OK
447340602,D4,1004,20086,OK
447360602,D4,1004,20086,OK
447380602,D4,1004,20086,OK
447400602,D4,1004,20086,OK
447420602,D4,1004,20086,OK
447440602,D4,1004,20086,OK
447461602,D4,1004,20086,OK
447481602,D4,1004,20086,OK
447501602,D4,1004,20086,OK
447521602,D4,1004,20086,OK
447541602,D4,1004,20086,OK
447561602,D4,1005,20086,OK
447581602,D4,1004,20086,OK
447601602,D4,1004,20086,OK
447621602,D4,1004,20086,OK
447641602,D4,1004,20086,OK
447661602,D4,1004,20086,OK
447681602,D4,1004,20086,OK
447702602,D4,1004,20086,OK
447722602,D4,1004,20086,OK
447742602,D4,1005,20086,OK
447762602,D4,1005,20086,OK
447782602,D4,1004,20086,OK
447802602,D4,1005,20086,OK
447822602,D4,1004,20086,OK
447842602,D4,1004,20086,OK
447862602,D4,1005,20086,OK
447882602,D4,1005,20086,OK
447902602,D4,1005,20086,OK
447922607,D4,1005,20088,OK
447943602,D4,1005,20084,OK
447963602,D4,1005,20086,OK
447983602,D4,1005,20086,OK
# diag,ms=448000,channel=D4,pin=18,level=0
448003602,D4,1005,20086,OK
448023602,D4,1005,20086,OK
448043602,D4,1005,20086,OK
448063602,D4,1005,20086,OK
448083602,D4,1005,20086,OK
448103602,D4,1005,20086,OK
448123602,D4,1005,20086,OK
448143602,D4,1005,20086,OK
448164602,D4,1005,20086,OK
448184602,D4,1005,20086,OK
448204602,D4,1005,20086,OK
448224602,D4,1005,20086,OK
448244602,D4,1005,20091,OK
448264602,D4,1004,20087,OK
448284602,D4,1004,20086,OK
448304602,D4,1004,20086,OK
448324602,D4,1004,20086,OK
448344602,D4,1004,20086,OK
448364602,D4,1004,20086,OK
448384602,D4,1004,20086,OK
448405602,D4,1004,20086,OK
448425602,D4,1004,20086,OK
448445602,D4,1004,20086,OK
448465602,D4,1004,20086,OK
448485602,D4,1004,20086,OK
448505602,D4,1004,20086,OK
448525602,D4,1004,20086,OK
448545602,D4,1005,20086,OK
448565602,D4,1004,20086,OK
448585602,D4,1004,20086,OK
448605602,D4,1004,20086,OK
448626602,D4,1006,20085,OK
448646602,D4,1004,20087,OK
448666602,D4,1004,20086,OK
448686602,D4,1004,20086,OK
448706602,D4,1004,20086,OK
448726602,D4,1004,20086,OK
448746602,D4,1004,20086,OK
448766602,D4,1004,20086,OK
448786602,D4,1004,20086,OK
448806602,D4,1004,20086,OK
448826602,D4,1004,20086,OK
448846602,D4,1004,20086,OK
448867602,D4,1004,20086,OK
448887602,D4,1004,20086,OK
448907602,D4,1004,20086,OK
448927602,D4,1004,20086,OK
448947602,D4,1005,20086,OK
448967602,D4,1005,20086,OK
448987602,D4,1005,20086,OK
# diag,ms=449000,channel=D4,pin=18,level=0
449007602,D4,1005,20086,OK
449027602,D4,1005,20086,OK
449047602,D4,1005,20086,OK
449067602,D4,1005,20086,OK
449087604,D4,1006,20087,OK
449108602,D4,1005,20085,OK
449128602,D4,1005,20086,OK
449148602,D4,1005,20086,OK
449168602,D4,1005,20086,OK
449188602,D4,1005,20086,OK
449208602,D4,1004,20087,OK
449228602,D4,1004,20086,OK
449248602,D4,1004,20086,OK
449268602,D4,1004,20086,OK
449288602,D4,1004,20086,OK
449308602,D4,1004,20086,OK
449329602,D4,1004,20086,OK
449349602,D4,1004,20086,OK
449369602,D4,1004,20086,OK
449389602,D4,1004,20086,OK
449409602,D4,1004,20086,OK
449429602,D4,1004,20086,OK
449449602,D4,1004,20086,OK
449469602,D4,1004,20086,OK
449489602,D4,1004,20086,OK
449509602,D4,1004,20086,OK
449529602,D4,1004,20086,OK
449549602,D4,1004,20086,OK
449570602,D4,1005,20086,OK
449590602,D4,1004,20086,OK
449610602,D4,1004,20086,OK
449630602,D4,1004,20086,OK
449650602,D4,1004,20086,OK
449670602,D4,1004,20086,OK
449690602,D4,1004,20086,OK
449710602,D4,1004,20086,OK
449730602,D4,1004,20086,OK
449750602,D4,1004,20086,OK
449770602,D4,1004,20086,OK
449791602,D4,1003,20088,OK
449811602,D4,1004,20084,OK
449831602,D4,1004,20086,OK
449851602,D4,1004,20086,OK
449871602,D4,1004,20086,OK
449891602,D4,1004,20086,OK
449911602,D4,1004,20086,OK
449931602,D4,1004,20086,OK
449951602,D4,1005,20086,OK
449971602,D4,1005,20086,OK
449991602,D4,1005,20086,OK
# diag,ms=450000,channel=D4,pin=18,level=0
450011602,D4,1005,20086,OK
450032602,D4,1005,20086,OK
450052602,D4,1005,20086,OK
450072602,D4,1005,20086,OK
450092602,D4,1005,20086,OK
450112602,D4,1005,20086,OK
450132602,D4,1005,20086,OK
450152602,D4,1005,20086,OK
450172602,D4,1005,20086,OK
450192602,D4,1005,20086,OK
450212602,D4,1005,20086,OK
450232602,D4,1005,20086,OK
450252602,D4,1005,20086,OK
450273602,D4,1005,20086,OK
450293602,D4,1005,20086,OK
450313602,D4,1005,20086,OK
450333602,D4,1005,20086,OK
450353602,D4,1005,20086,OK
450373602,D4,1005,20086,OK
450393602,D4,1005,20086,OK
450413602,D4,1005,20086,OK
450433602,D4,1005,20086,OK
450453602,D4,1005,20086,OK
450473602,D4,1005,20086,OK
450494602,D4,1006,20086,OK
450514602,D4,1005,20086,OK
450534602,D4,1005,20086,OK
450554602,D4,1005,20086,OK
450574602,D4,1005,20086,OK
450594602,D4,1005,20086,OK
450614602,D4,1005,20086,OK
450634602,D4,1005,20086,OK
450654602,D4,1005,20086,OK
450674602,D4,1005,20086,OK
450694602,D4,1005,20086,OK
450714602,D4,1005,20086,OK
450735602,D4,1005,20086,OK
450755602,D4,1005,20086,OK
450775602,D4,1005,20086,OK
450795602,D4,1005,20086,OK
450815602,D4,1005,20086,OK
450835602,D4,1005,20086,OK
450855602,D4,1005,20086,OK
450875602,D4,1005,20086,OK
450895602,D4,1005,20086,OK
450915602,D4,1005,20086,OK
450935602,D4,1005,20086,OK
450955603,D4,1005,20086,OK
450976602,D4,1005,20086,OK
450996602,D4,1005,20086,OK
# diag,ms=451000,channel=D4,pin=18,level=0
451016602,D4,1005,20086,OK
451036602,D4,1005,20086,OK
451056602,D4,1005,20086,OK
451076602,D4,1005,20086,OK
451096602,D4,1005,20086,OK
451116602,D4,1005,20086,OK
451136602,D4,1005,20086,OK
451156602,D4,1005,20086,OK
451176602,D4,1005,20086,OK
451197602,D4,1005,20086,OK
451217602,D4,1005,20086,OK
451237602,D4,1004,20087,OK
451257602,D4,1005,20085,OK
451277602,D4,1005,20086,OK
451297602,D4,1004,20087,OK
451317602,D4,1004,20086,OK
451337602,D4,1004,20086,OK
451357602,D4,1004,20086,OK
451377602,D4,1004,20086,OK
451397602,D4,1004,20086,OK
451417602,D4,1004,20086,OK
451438602,D4,1004,20086,OK
451458602,D4,1004,20086,OK
451478602,D4,1004,20086,OK
451498602,D4,1004,20086,OK
451518602,D4,1004,20086,OK
451538602,D4,1004,20086,OK
451558602,D4,1004,20086,OK
451578602,D4,1004,20086,OK
451598602,D4,1004,20086,OK
451618602,D4,1004,20086,OK
451638602,D4,1004,20086,OK
451659602,D4,1002,20089,OK
451679602,D4,1004,20083,OK
451699602,D4,1004,20086,OK
451719602,D4,1004,20086,OK
451739602,D4,1004,20086,OK
451759602,D4,1004,20086,OK
451779602,D4,1004,20086,OK
451799602,D4,1004,20086,OK
451819602,D4,1004,20086,OK
451839602,D4,1005,20086,OK
451859602,D4,1005,20086,OK
451879602,D4,1004,20086,OK
451900602,D4,1004,20086,OK
451920602,D4,1004,20086,OK
451940602,D4,1004,20086,OK
451960602,D4,1004,20086,OK
451980602,D4,1005,20086,OK
452000602,D4,1005,20086,OK
# diag,ms=452000,channel=D4,pin=18,level=0
452020602,D4,1005,20086,OK
452040602,D4,1005,20086,OK
452060602,D4,1005,20086,OK
452080602,D4,1005,20086,OK
452100602,D4,1005,20086,OK
452120602,D4,1005,20086,OK
452141602,D4,1005,20086,OK
452161602,D4,1005,20086,OK
452181602,D4,1005,20086,OK
452201602,D4,1005,20086,OK
452221602,D4,1005,20086,OK
452241602,D4,1005,20086,OK
452261602,D4,1005,20086,OK
452281602,D4,1005,20086,OK
452301602,D4,1005,20086,OK
452321602,D4,1005,20086,OK
452341602,D4,1005,20086,OK
452362602,D4,1006,20087,OK
452382602,D4,1005,20085,OK
452402602,D4,1005,20086,OK
452422602,D4,1005,20086,OK
452442602,D4,1005,20086,OK
452462602,D4,1005,20086,OK
452482602,D4,1005,20086,OK
452502602,D4,1005,20086,OK
452522602,D4,1005,20086,OK
452542602,D4,1005,20086,OK
452562602,D4,1005,20086,OK
452582602,D4,1005,20086,OK
452603602,D4,1005,20086,OK
452623602,D4,1005,20086,OK
452643602,D4,1005,20086,OK
452663602,D4,1005,20086,OK
452683602,D4,1005,20086,OK
452703602,D4,1005,20086,OK
452723602,D4,1005,20086,OK
452743602,D4,1005,20086,OK
452763602,D4,1005,20086,OK
452783602,D4,1005,20086,OK
452803602,D4,1005,20086,OK
452823602,D4,1005,20086,OK
452844602,D4,1005,20086,OK
452864602,D4,1005,20086,OK
452884602,D4,1004,20087,OK
452904602,D4,1005,20085,OK
452924602,D4,1005,20086,OK
452944602,D4,1005,20086,OK
452964602,D4,1005,20086,OK
452984602,D4,1004,20087,OK
# diag,ms=453000,channel=D4,pin=18,level=0
453004602,D4,1004,20086,OK
453024602,D4,1005,20086,OK
453044602,D4,1004,20086,OK
453065602,D4,1004,20086,OK
453085602,D4,1004,20086,OK
453105602,D4,1004,20086,OK
453125602,D4,1004,20086,OK
453145602,D4,1004,20086,OK
453165602,D4,1005,20091,OK
453185602,D4,1004,20087,OK
453205602,D4,1004,20086,OK
453225602,D4,1004,20086,OK
453245602,D4,1004,20086,OK
453265602,D4,1004,20086,OK
453285602,D4,1004,20086,OK
453306602,D4,1004,20086,OK
453326602,D4,1004,20086,OK
453346602,D4,1004,20086,OK
453366602,D4,1004,20086,OK
453386602,D4,1004,20086,OK
453406602,D4,1004,20086,OK
453426602,D4,1004,20086,OK
453446602,D4,1004,20086,OK
453466602,D4,1005,20086,OK
453486602,D4,1004,20086,OK
453506602,D4,1004,20086,OK
453527602,D4,1006,20086,OK
453547602,D4,1005,20086,OK
453567602,D4,1005,20086,OK
453587602,D4,1005,20086,OK
453607602,D4,1005,20091,OK
453627602,D4,1005,20086,OK
453647602,D4,1005,20086,OK
453667602,D4,1005,20086,OK
453687602,D4,1005,20086,OK
453707602,D4,1005,20086,OK
453727602,D4,1005,20086,OK
453747602,D4,1005,20086,OK
453768602,D4,1005,20086,OK
453788602,D4,1005,20086,OK
453808602,D4,1005,20086,OK
453828602,D4,1005,20086,OK
453848602,D4,1005,20086,OK
453868602,D4,1005,20086,OK
453888602,D4,1005,20086,OK
453908602,D4,1005,20086,OK
453928602,D4,1005,20086,OK
453948602,D4,1005,20086,OK
453968602,D4,1005,20086,OK
453988602,D4,1005,20086,OK
# diag,ms=454000,channel=D4,pin=18,level=0
454009602,D4,1005,20086,OK
454029602,D4,1005,20090,OK
454049602,D4,1004,20087,OK
454069602,D4,1004,20086,OK
454089602,D4,1004,20086,OK
454109602,D4,1005,20086,OK
454129602,D4,1005,20086,OK
454149602,D4,1004,20086,OK
454169602,D4,1005,20086,OK
454189602,D4,1005,20086,OK
454209602,D4,1004,20086,OK
454230602,D4,1004,20086,OK
454250602,D4,1005,20086,OK
454270602,D4,1005,20086,OK
454290602,D4,1005,20086,OK
454310602,D4,1005,20086,OK
454330602,D4,1005,20086,OK
454350602,D4,1005,20086,OK
454370602,D4,1004,20093,OK
454390602,D4,1005,20086,OK
454410602,D4,1005,20086,OK
454430602,D4,1005,20086,OK
454450602,D4,1005,20086,OK
454471602,D4,1005,20086,OK
454491602,D4,1005,20086,OK
454511602,D4,1005,20086,OK
454531602,D4,1005,20086,OK
454551602,D4,1005,20086,OK
454571602,D4,1005,20086,OK
454591602,D4,1005,20086,OK
454611602,D4,1005,20086,OK
454631602,D4,1005,20086,OK
454651602,D4,1005,20086,OK
454671602,D4,1005,20086,OK
454692602,D4,1006,20087,OK
454712602,D4,1005,20085,OK
454732602,D4,1005,20086,OK
454752602,D4,1005,20086,OK
454772602,D4,1005,20086,OK
454792602,D4,1005,20086,OK
454812602,D4,1005,20086,OK
454832602,D4,1005,20086,OK
454852602,D4,1005,20086,OK
454872602,D4,1005,20092,OK
454892602,D4,1005,20086,OK
454912602,D4,1004,20086,OK
454933602,D4,1004,20086,OK
454953602,D4,1005,20086,OK
454973602,D4,1005,20086,OK
454993602,D4,1005,20086,OK
# diag,ms=455000,channel=D4,pin=18,level=0
455013602,D4,1005,20086,OK
455033602,D4,1005,20086,OK
455053602,D4,1005,20086,OK
455073602,D4,1005,20086,OK
455093602,D4,1005,20086,OK
455113602,D4,1005,20086,OK
455133602,D4,1005,20086,OK
455153605,D4,1004,20086,OK
455174602,D4,1005,20086,OK
455194602,D4,1005,20086,OK
455214602,D4,1005,20086,OK
455234602,D4,1005,20086,OK
455254602,D4,1005,20086,OK
455274602,D4,1005,20086,OK
455294602,D4,1005,20086,OK
455314602,D4,1005,20086,OK
455334602,D4,1005,20086,OK
455354602,D4,1004,20087,OK
455374602,D4,1005,20085,OK
455395602,D4,1005,20086,OK
455415602,D4,1005,20086,OK
455435602,D4,1005,20086,OK
455455602,D4,1005,20086,OK
455475602,D4,1005,20086,OK
455495602,D4,1005,20086,OK
455515602,D4,1005,20086,OK
455535602,D4,1005,20086,OK
455555602,D4,1005,20086,OK
455575602,D4,1005,20086,OK
455595602,D4,1005,20086,OK
455615602,D4,1005,20086,OK
455636602,D4,1005,20086,OK
455656602,D4,1005,20086,OK
455676602,D4,1005,20086,OK
455696602,D4,1005,20086,OK
455716602,D4,1005,20086,OK
455736602,D4,1005,20086,OK
455756602,D4,1005,20086,OK
455776602,D4,1005,20086,OK
455796602,D4,1005,20086,OK
455816602,D4,1005,20086,OK
455836602,D4,1005,20086,OK
455857602,D4,1005,20087,OK
455877602,D4,1005,20085,OK
455897602,D4,1005,20086,OK
455917602,D4,1005,20086,OK
455937602,D4,1005,20086,OK
455957602,D4,1005,20086,OK
455977602,D4,1004,20087,OK
455997602,D4,1004,20086,OK
# diag,ms=456000,channel=D4,pin=18,level=0
456017602,D4,1004,20086,OK
456037602,D4,1004,20086,OK
456057602,D4,1004,20086,OK
456077602,D4,1004,20086,OK
456098602,D4,1004,20086,OK
456118602,D4,1004,20086,OK
456138602,D4,1004,20086,OK
456158602,D4,1004,20086,OK
456178602,D4,1004,20086,OK
456198602,D4,1004,20086,OK
456218602,D4,1004,20086,OK
456238602,D4,1004,20086,OK
456258602,D4,1004,20086,OK
456278602,D4,1004,20086,OK
456298602,D4,1004,20086,OK
456318602,D4,1004,20086,OK
456339602,D4,1004,20086,OK
456359602,D4,1004,20086,OK
456379602,D4,1004,20086,OK
456399602,D4,1004,20086,OK
456419602,D4,1004,20086,OK
456439602,D4,1004,20086,OK
456459602,D4,1004,20086,OK
456479602,D4,1004,20086,OK
456499602,D4,1004,20086,OK
456519602,D4,1004,20086,OK
456539602,D4,1005,20086,OK
456560602,D4,1002,20088,OK
456580602,D4,1004,20084,OK
456600602,D4,1004,20086,OK
456620602,D4,1004,20086,OK
456640602,D4,1005,20086,OK
456660602,D4,1004,20086,OK
456680602,D4,1005,20086,OK
456700602,D4,1005,20086,OK
456720602,D4,1005,20086,OK
456740602,D4,1005,20086,OK
456760602,D4,1005,20086,OK
456780602,D4,1005,20086,OK
456801602,D4,1005,20086,OK
456821602,D4,1005,20086,OK
456841602,D4,1005,20086,OK
456861602,D4,1005,20086,OK
456881602,D4,1005,20086,OK
456901602,D4,1005,20086,OK
456921602,D4,1005,20086,OK
456941602,D4,1005,20086,OK
456961602,D4,1005,20086,OK
456981602,D4,1005,20086,OK
# diag,ms=457000,channel=D4,pin=18,level=1
457001602,D4,1005,20086,OK
457021605,D4,1005,20086,OK
457042602,D4,1005,20086,OK
457062602,D4,1005,20086,OK
457082602,D4,1005,20086,OK
457102602,D4,1005,20086,OK
457122602,D4,1005,20086,OK
457142602,D4,1005,20086,OK
457162602,D4,1005,20086,OK
457182602,D4,1005,20086,OK
457202602,D4,1005,20086,OK
457222602,D4,1004,20087,OK
457242602,D4,1005,20085,OK
457263602,D4,1005,20086,OK
457283602,D4,1005,20086,OK
457303602,D4,1005,20086,OK
457323602,D4,1005,20086,OK
457343602,D4,1005,20086,OK
457363602,D4,1005,20086,OK
457383602,D4,1005,20086,OK
457403602,D4,1005,20086,OK
457423602,D4,1005,20086,OK
457443602,D4,1005,20086,OK
457463602,D4,1005,20086,OK
457483602,D4,1005,20086,OK
457504602,D4,1005,20086,OK
457524602,D4,1005,20086,OK
457544602,D4,1005,20086,OK
457564602,D4,1005,20086,OK
457584602,D4,1005,20086,OK
457604602,D4,1005,20086,OK
457624602,D4,1005,20086,OK
457644602,D4,1005,20086,OK
457664602,D4,1005,20086,OK
457684602,D4,1005,20086,OK
457704602,D4,1005,20086,OK
457725602,D4,1007,20086,OK
457745602,D4,1005,20086,OK
457765602,D4,1004,20087,OK
457785602,D4,1005,20090,OK
457805602,D4,1004,20087,OK
457825602,D4,1004,20086,OK
457845602,D4,1004,20086,OK
457865602,D4,1004,20086,OK
457885602,D4,1004,20086,OK
457905602,D4,1004,20086,OK
457925602,D4,1004,20086,OK
457945602,D4,1004,20086,OK
457966602,D4,1004,20086,OK
457986602,D4,1004,20086,OK
# diag,ms=458000,channel=D4,pin=18,level=0
458006602,D4,1004,20086,OK
458026602,D4,1004,20086,OK
458046602,D4,1004,20086,OK
458066602,D4,1004,20086,OK
458086602,D4,1005,20086,OK
458106602,D4,1004,20086,OK
458126602,D4,1004,20086,OK
458146602,D4,1005,20086,OK
458166602,D4,1004,20086,OK
458186601,D4,1004,20086,OK
458207602,D4,1004,20086,OK
458227602,D4,1004,20086,OK
458247602,D4,1005,20086,OK
458267602,D4,1005,20086,OK
458287602,D4,1005,20086,OK
458307602,D4,1005,20086,OK
458327602,D4,1005,20086,OK
458347602,D4,1005,20086,OK
458367602,D4,1005,20086,OK
458387602,D4,1005,20086,OK
458407602,D4,1005,20086,OK
458428602,D4,1005,20086,OK
458448602,D4,1005,20086,OK
458468602,D4,1005,20086,OK
458488602,D4,1005,20086,OK
458508602,D4,1005,20086,OK
458528602,D4,1005,20086,OK
458548602,D4,1005,20086,OK
458568602,D4,1005,20086,OK
458588602,D4,1005,20086,OK
458608602,D4,1005,20086,OK
458628602,D4,1005,20086,OK
458648602,D4,1005,20086,OK
458669602,D4,1005,20086,OK
458689602,D4,1005,20086,OK
458709602,D4,1005,20086,OK
458729602,D4,1005,20086,OK
458749602,D4,1005,20086,OK
458769602,D4,1005,20086,OK
458789602,D4,1005,20086,OK
458809602,D4,1005,20086,OK
458829602,D4,1005,20086,OK
458849602,D4,1005,20086,OK
458869602,D4,1005,20086,OK
458889607,D4,1005,20087,OK
458910602,D4,1005,20085,OK
458930602,D4,1005,20086,OK
458950602,D4,1005,20086,OK
458970602,D4,1005,20086,OK
458990602,D4,1005,20086,OK
# diag,ms=459000,channel=D4,pin=18,level=0
459010602,D4,1005,20086,OK
459030602,D4,1005,20086,OK
459050602,D4,1005,20086,OK
459070602,D4,1005,20086,OK
