1044291602,D4,1004,20086,OK
1044311602,D4,1004,20086,OK
1044331602,D4,1004,20086,OK
1044351602,D4,1004,20086,OK
1044371602,D4,1004,20086,OK
1044391602,D4,1004,20086,OK
1044411602,D4,1004,20086,OK
1044432602,D4,1005,20086,OK
1044452602,D4,1005,20086,OK
1044472602,D4,1005,20086,OK
1044492602,D4,1005,20086,OK
1044512602,D4,1005,20086,OK
1044532602,D4,1005,20086,OK
1044552602,D4,1005,20086,OK
1044572602,D4,1005,20086,OK
1044592602,D4,1005,20086,OK
1044612602,D4,1005,20086,OK
1044632602,D4,1005,20086,OK
1044652602,D4,1005,20086,OK
1044673602,D4,1005,20086,OK
1044693602,D4,1005,20086,OK
1044713602,D4,1005,20086,OK
1044733602,D4,1005,20086,OK
1044753602,D4,1005,20086,OK
1044773602,D4,1010,20086,OK
1044793602,D4,1005,20086,OK
1044813602,D4,1005,20086,OK
1044833602,D4,1005,20086,OK
1044853602,D4,1005,20086,OK
1044873602,D4,1005,20086,OK
1044893602,D4,1005,20086,OK
1044914602,D4,1005,20086,OK
1044934602,D4,1005,20086,OK
1044954602,D4,1005,20086,OK
1044974602,D4,1005,20086,OK
1044994602,D4,1005,20086,OK
# diag,ms=1045000,channel=D4,pin=18,level=0
1045014602,D4,1005,20086,OK
1045034602,D4,1005,20086,OK
1045054602,D4,1005,20086,OK
1045074602,D4,1005,20086,OK
1045094602,D4,1004,20087,OK
1045114602,D4,1004,20086,OK
1045135602,D4,1004,20086,OK
1045155602,D4,1004,20086,OK
1045175602,D4,1004,20086,OK
1045195602,D4,1004,20086,OK
1045215602,D4,1004,20086,OK
1045235602,D4,1004,20086,OK
1045255602,D4,1004,20086,OK
1045275602,D4,1004,20086,OK
1045295602,D4,1004,20086,OK
1045315602,D4,1004,20086,OK
1045335602,D4,1004,20086,OK
1045355602,D4,1005,20086,OK
1045376602,D4,1005,20086,OK
1045396602,D4,1005,20086,OK
1045416602,D4,1005,20086,OK
1045436602,D4,1005,20086,OK
1045456602,D4,1005,20086,OK
1045476602,D4,1005,20086,OK
1045496602,D4,1005,20086,OK
1045516602,D4,1004,20087,OK
1045536602,D4,1004,20086,OK
1045556602,D4,1005,20086,OK
1045576602,D4,1005,20086,OK
1045596607,D4,1005,20088,OK
1045617602,D4,1005,20084,OK
1045637602,D4,1005,20086,OK
1045657602,D4,1005,20086,OK
1045677602,D4,1005,20086,OK
1045697602,D4,1005,20086,OK
1045717602,D4,1004,20089,OK
1045737602,D4,1005,20086,OK
1045757602,D4,1005,20086,OK
1045777602,D4,1004,20087,OK
1045797602,D4,1005,20086,OK
1045817602,D4,1004,20086,OK
1045838602,D4,1005,20086,OK
1045858602,D4,1005,20086,OK
1045878602,D4,1005,20086,OK
1045898602,D4,1005,20086,OK
1045918602,D4,1005,20086,OK
1045938602,D4,1005,20086,OK
1045958602,D4,1004,20087,OK
1045978602,D4,1005,20086,OK
1045998602,D4,1005,20086,OK
# diag,ms=1046000,channel=D4,pin=18,level=0
1046018602,D4,1005,20086,OK
1046038602,D4,1005,20086,OK
1046058602,D4,1005,20086,OK
1046079602,D4,1005,20086,OK
1046099602,D4,1005,20086,OK
1046119602,D4,1004,20087,OK
1046139602,D4,1004,20086,OK
1046159602,D4,1004,20086,OK
1046179602,D4,1004,20086,OK
1046199602,D4,1004,20086,OK
1046219602,D4,1005,20086,OK
1046239602,D4,1005,20086,OK
1046259602,D4,1004,20087,OK
1046279602,D4,1004,20086,OK
1046300602,D4,1005,20085,OK
1046320602,D4,1004,20087,OK
1046340602,D4,1004,20086,OK
1046360602,D4,1005,20086,OK
1046380602,D4,1005,20086,OK
1046400602,D4,1005,20086,OK
1046420602,D4,1004,20087,OK
1046440602,D4,1004,20086,OK
1046460602,D4,1004,20086,OK
1046480602,D4,1004,20086,OK
1046500602,D4,1004,20086,OK
1046520602,D4,1005,20086,OK
1046541602,D4,1005,20086,OK
1046561602,D4,1005,20086,OK
1046581602,D4,1005,20086,OK
1046601602,D4,1004,20087,OK
1046621602,D4,1004,20086,OK
1046641602,D4,1004,20086,OK
1046661602,D4,1004,20086,OK
1046681602,D4,1005,20086,OK
1046701602,D4,1005,20086,OK
1046721602,D4,1004,20087,OK
1046741602,D4,1004,20086,OK
1046761605,D4,1004,20086,OK
1046782602,D4,1004,20086,OK
1046802602,D4,1004,20086,OK
1046822602,D4,1005,20086,OK
1046842602,D4,1005,20086,OK
1046862602,D4,1004,20087,OK
1046882602,D4,1004,20086,OK
1046902602,D4,1004,20086,OK
1046922602,D4,1004,20086,OK
1046942602,D4,1004,20086,OK
1046962602,D4,1005,20086,OK
1046982602,D4,1005,20086,OK
# diag,ms=1047000,channel=D4,pin=18,level=0
1047003602,D4,1004,20087,OK
1047023602,D4,1004,20086,OK
1047043602,D4,1004,20086,OK
1047063602,D4,1004,20086,OK
1047083602,D4,1004,20086,OK
1047103602,D4,1005,20086,OK
1047123602,D4,1005,20086,OK
1047143602,D4,1004,20087,OK
1047163602,D4,1004,20086,OK
1047183602,D4,1004,20086,OK
1047203602,D4,1004,20086,OK
1047223602,D4,1004,20086,OK
1047244602,D4,1005,20086,OK
1047264602,D4,1005,20086,OK
1047284602,D4,1005,20086,OK
1047304602,D4,1004,20087,OK
1047324602,D4,1004,20086,OK
1047344602,D4,1004,20086,OK
1047364602,D4,1004,20086,OK
1047384602,D4,1004,20086,OK
1047404602,D4,1004,20086,OK
1047424602,D4,1005,20086,OK
1047444602,D4,1005,20086,OK
1047465602,D4,1002,20088,OK
1047485602,D4,1004,20085,OK
1047505602,D4,1004,20086,OK
1047525602,D4,1004,20086,OK
1047545602,D4,1004,20086,OK
1047565602,D4,1005,20086,OK
1047585602,D4,1005,20086,OK
1047605602,D4,1005,20086,OK
1047625602,D4,1004,20087,OK
1047645602,D4,1004,20086,OK
1047665602,D4,1004,20086,OK
1047685602,D4,1004,20086,OK
1047706602,D4,1004,20086,OK
1047726602,D4,1005,20086,OK
1047746602,D4,1005,20086,OK
1047766602,D4,1004,20087,OK
1047786602,D4,1004,20086,OK
1047806602,D4,1004,20086,OK
1047826602,D4,1004,20086,OK
1047846602,D4,1004,20086,OK
1047866602,D4,1004,20086,OK
1047886602,D4,1005,20086,OK
1047906602,D4,1005,20086,OK
1047926604,D4,1004,20087,OK
1047947602,D4,1004,20086,OK
1047967602,D4,1004,20086,OK
1047987602,D4,1004,20086,OK
# diag,ms=1048000,channel=D4,pin=18,level=0
1048007602,D4,1005,20086,OK
1048027602,D4,1005,20086,OK
1048047602,D4,1004,20087,OK
1048067602,D4,1004,20086,OK
1048087602,D4,1004,20086,OK
1048107602,D4,1004,20086,OK
1048127602,D4,1005,20086,OK
1048147602,D4,1004,20086,OK
1048168602,D4,1005,20086,OK
1048188602,D4,1005,20086,OK
1048208602,D4,1004,20087,OK
1048228602,D4,1004,20086,OK
1048248602,D4,1004,20086,OK
1048268602,D4,1004,20086,OK
1048288602,D4,1004,20086,OK
1048308602,D4,1004,20086,OK
1048328602,D4,1005,20086,OK
1048348602,D4,1005,20086,OK
1048368602,D4,1004,20087,OK
1048388602,D4,1004,20086,OK
1048409602,D4,1004,20086,OK
1048429602,D4,1004,20086,OK
1048449602,D4,1004,20086,OK
1048469602,D4,1004,20086,OK
1048489602,D4,1005,20086,OK
1048509602,D4,1005,20086,OK
1048529602,D4,1005,20086,OK
1048549602,D4,1004,20087,OK
1048569602,D4,1004,20086,OK
1048589602,D4,1004,20086,OK
1048609602,D4,1004,20086,OK
1048630602,D4,1005,20087,OK
1048650602,D4,1005,20085,OK
1048670602,D4,1004,20087,OK
1048690602,D4,1005,20086,OK
1048710602,D4,1005,20086,OK
1048730602,D4,1005,20086,OK
1048750602,D4,1005,20086,OK
1048770602,D4,1005,20086,OK
1048790602,D4,1004,20087,OK
1048810602,D4,1004,20086,OK
1048830602,D4,1005,20086,OK
1048850602,D4,1005,20086,OK
1048871602,D4,1005,20086,OK
1048891602,D4,1005,20086,OK
1048911602,D4,1005,20086,OK
1048931602,D4,1005,20086,OK
1048951602,D4,1005,20086,OK
1048971602,D4,1004,20087,OK
1048991602,D4,1004,20086,OK
# diag,ms=1049000,channel=D4,pin=18,level=0
1049011602,D4,1005,20086,OK
1049031602,D4,1005,20086,OK
1049051602,D4,1005,20086,OK
1049071602,D4,1005,20086,OK
1049091602,D4,1005,20086,OK
1049112602,D4,1005,20086,OK
1049132602,D4,1004,20087,OK
1049152602,D4,1004,20086,OK
1049172602,D4,1005,20086,OK
1049192602,D4,1005,20086,OK
1049212602,D4,1005,20086,OK
1049232602,D4,1005,20086,OK
1049252602,D4,1005,20086,OK
1049272602,D4,1005,20086,OK
1049292602,D4,1005,20086,OK
1049312602,D4,1004,20087,OK
1049333602,D4,1005,20086,OK
1049353602,D4,1005,20086,OK
1049373602,D4,1005,20086,OK
1049393602,D4,1005,20086,OK
1049413602,D4,1005,20086,OK
1049433602,D4,1005,20086,OK
1049453602,D4,1005,20086,OK
1049473602,D4,1005,20086,OK
1049493602,D4,1004,20087,OK
1049513602,D4,1004,20086,OK
1049533602,D4,1004,20086,OK
1049553602,D4,1012,20086,OK
1049574602,D4,1004,20086,OK
1049594602,D4,1005,20086,OK
1049614602,D4,1005,20086,OK
1049634602,D4,1005,20086,OK
1049654602,D4,1005,20086,OK
1049674602,D4,1005,20086,OK
1049694602,D4,1004,20087,OK
1049714602,D4,1004,20086,OK
1049734602,D4,1004,20086,OK
1049754602,D4,1004,20086,OK
1049774602,D4,1004,20086,OK
1049794607,D4,1005,20085,OK
1049815602,D4,1004,20087,OK
1049835602,D4,1005,20086,OK
1049855602,D4,1005,20086,OK
1049875602,D4,1005,20086,OK
1049895602,D4,1005,20086,OK
1049915602,D4,1005,20086,OK
1049935602,D4,1004,20087,OK
1049955602,D4,1004,20086,OK
1049975602,D4,1004,20086,OK
1049995602,D4,1005,20086,OK
# diag,ms=1050000,channel=D4,pin=18,level=0
1050015602,D4,1004,20086,OK
1050036602,D4,1005,20086,OK
1050056602,D4,1005,20086,OK
1050076602,D4,1005,20086,OK
1050096602,D4,1005,20086,OK
1050116602,D4,1005,20086,OK
1050136602,D4,1005,20086,OK
1050156602,D4,1004,20087,OK
1050176602,D4,1004,20086,OK
1050196602,D4,1005,20086,OK
1050216602,D4,1005,20086,OK
1050236602,D4,1005,20086,OK
1050256602,D4,1005,20086,OK
1050277602,D4,1005,20086,OK
1050297602,D4,1005,20086,OK
1050317602,D4,1005,20086,OK
1050337602,D4,1005,20086,OK
1050357602,D4,1005,20086,OK
1050377602,D4,1004,20087,OK
1050397602,D4,1005,20086,OK
1050417602,D4,1005,20086,OK
1050437602,D4,1005,20086,OK
1050457602,D4,1004,20087,OK
1050477602,D4,1004,20086,OK
1050498602,D4,1005,20085,OK
1050518602,D4,1004,20087,OK
1050538602,D4,1004,20086,OK
1050558602,D4,1005,20086,OK
1050578602,D4,1005,20086,OK
1050598602,D4,1005,20086,OK
1050618602,D4,1004,20087,OK
1050638602,D4,1004,20086,OK
1050658602,D4,1004,20086,OK
1050678602,D4,1004,20086,OK
1050698602,D4,1005,20086,OK
1050718602,D4,1005,20086,OK
1050739602,D4,1004,20087,OK
1050759602,D4,1004,20086,OK
1050779602,D4,1004,20086,OK
1050799602,D4,1004,20086,OK
1050819602,D4,1004,20086,OK
1050839602,D4,1004,20086,OK
1050859602,D4,1005,20086,OK
1050879602,D4,1005,20086,OK
1050899602,D4,1004,20087,OK
1050919602,D4,1004,20086,OK
1050939602,D4,1004,20086,OK
1050959605,D4,1004,20086,OK
1050980602,D4,1004,20086,OK
1051000602,D4,1004,20086,OK
# diag,ms=1051000,channel=D4,pin=18,level=0
1051020602,D4,1004,20086,OK
1051040602,D4,1005,20086,OK
1051060602,D4,1005,20086,OK
1051080602,D4,1004,20087,OK
1051100602,D4,1004,20086,OK
1051120602,D4,1005,20086,OK
1051140602,D4,1004,20086,OK
1051160602,D4,1005,20086,OK
1051180602,D4,1004,20086,OK
1051201602,D4,1005,20086,OK
1051221602,D4,1005,20086,OK
1051241602,D4,1005,20086,OK
1051261602,D4,1004,20087,OK
1051281602,D4,1004,20086,OK
1051301602,D4,1005,20086,OK
1051321602,D4,1004,20094,OK
1051341602,D4,1005,20086,OK
1051361602,D4,1005,20086,OK
1051381602,D4,1005,20086,OK
1051401602,D4,1005,20086,OK
1051421602,D4,1005,20086,OK
1051442602,D4,1005,20086,OK
1051462602,D4,1005,20086,OK
1051482602,D4,1005,20086,OK
1051502602,D4,1005,20086,OK
1051522602,D4,1005,20086,OK
1051542602,D4,1005,20086,OK
1051562602,D4,1004,20087,OK
1051582602,D4,1004,20086,OK
1051602602,D4,1005,20086,OK
1051622602,D4,1005,20086,OK
1051642602,D4,1005,20086,OK
1051663602,D4,1003,20088,OK
1051683602,D4,1005,20084,OK
1051703602,D4,1005,20086,OK
1051723602,D4,1005,20086,OK
1051743602,D4,1005,20086,OK
1051763602,D4,1004,20087,OK
1051783602,D4,1004,20086,OK
1051803602,D4,1004,20086,OK
1051823602,D4,1004,20086,OK
1051843602,D4,1005,20086,OK
1051863602,D4,1005,20086,OK
1051883602,D4,1005,20086,OK
1051904602,D4,1005,20086,OK
1051924602,D4,1005,20086,OK
1051944602,D4,1005,20086,OK
1051964602,D4,1005,20086,OK
1051984602,D4,1004,20087,OK
# diag,ms=1052000,channel=D4,pin=18,level=0
1052004602,D4,1004,20086,OK
1052024602,D4,1004,20086,OK
1052044602,D4,1004,20086,OK
1052064602,D4,1004,20086,OK
1052084602,D4,1004,20086,OK
1052104602,D4,1005,20086,OK
1052124607,D4,1006,20088,OK
1052145602,D4,1005,20084,OK
1052165602,D4,1005,20086,OK
1052185602,D4,1005,20086,OK
1052205602,D4,1005,20086,OK
1052225602,D4,1004,20087,OK
1052245602,D4,1004,20086,OK
1052265602,D4,1004,20086,OK
1052285602,D4,1004,20086,OK
1052305602,D4,1005,20086,OK
1052325602,D4,1005,20086,OK
1052345602,D4,1005,20086,OK
1052366602,D4,1005,20086,OK
1052386602,D4,1005,20086,OK
1052406602,D4,1005,20086,OK
1052426602,D4,1005,20086,OK
1052446602,D4,1004,20087,OK
1052466602,D4,1004,20086,OK
1052486602,D4,1005,20086,OK
1052506602,D4,1005,20086,OK
1052526602,D4,1005,20086,OK
1052546602,D4,1005,20086,OK
1052566602,D4,1005,20086,OK
1052586602,D4,1005,20091,OK
1052607602,D4,1004,20087,OK
1052627602,D4,1004,20086,OK
1052647602,D4,1004,20086,OK
1052667602,D4,1005,20086,OK
1052687602,D4,1005,20086,OK
1052707602,D4,1005,20086,OK
1052727602,D4,1005,20086,OK
1052747602,D4,1004,20087,OK
1052767602,D4,1004,20086,OK
1052787602,D4,1004,20086,OK
1052807602,D4,1004,20086,OK
1052828602,D4,1002,20089,OK
1052848602,D4,1005,20083,OK
1052868602,D4,1005,20086,OK
1052888602,D4,1005,20086,OK
1052908602,D4,1005,20086,OK
1052928602,D4,1005,20086,OK
1052948602,D4,1005,20086,OK
1052968602,D4,1005,20086,OK
1052988602,D4,1004,20087,OK
# diag,ms=1053000,channel=D4,pin=18,level=0
1053008602,D4,1005,20086,OK
1053028602,D4,1005,20086,OK
1053048602,D4,1005,20086,OK
1053069602,D4,1005,20086,OK
1053089602,D4,1005,20086,OK
1053109602,D4,1005,20086,OK
1053129602,D4,1005,20086,OK
1053149602,D4,1005,20086,OK
1053169602,D4,1005,20086,OK
1053189602,D4,1005,20086,OK
1053209602,D4,1004,20087,OK
1053229602,D4,1004,20086,OK
1053249602,D4,1005,20086,OK
1053269602,D4,1005,20086,OK
1053289605,D4,1004,20086,OK
1053310602,D4,1005,20086,OK
1053330602,D4,1005,20086,OK
1053350602,D4,1005,20086,OK
1053370602,D4,1005,20086,OK
1053390602,D4,1004,20087,OK
1053410602,D4,1004,20086,OK
1053430602,D4,1004,20086,OK
1053450602,D4,1004,20086,OK
1053470602,D4,1005,20086,OK
1053490602,D4,1005,20086,OK
1053510602,D4,1005,20086,OK
1053531602,D4,1004,20087,OK
1053551602,D4,1005,20086,OK
1053571602,D4,1005,20086,OK
1053591602,D4,1005,20086,OK
1053611602,D4,1005,20086,OK
1053631602,D4,1004,20087,OK
1053651602,D4,1005,20086,OK
1053671602,D4,1005,20086,OK
1053691602,D4,1005,20086,OK
1053711602,D4,1005,20086,OK
1053731602,D4,1005,20086,OK
1053751602,D4,1005,20086,OK
1053772602,D4,1005,20086,OK
1053792602,D4,1005,20086,OK
1053812602,D4,1005,20086,OK
1053832602,D4,1005,20086,OK
1053852602,D4,1004,20087,OK
1053872602,D4,1005,20086,OK
1053892602,D4,1005,20086,OK
1053912602,D4,1005,20086,OK
1053932602,D4,1005,20086,OK
1053952602,D4,1005,20086,OK
1053972602,D4,1005,20086,OK
1053993602,D4,1002,20088,OK
# diag,ms=1054000,channel=D4,pin=18,level=0
1054013602,D4,1004,20085,OK
1054033602,D4,1004,20086,OK
1054053602,D4,1004,20086,OK
1054073602,D4,1004,20086,OK
1054093602,D4,1005,20086,OK
1054113602,D4,1005,20086,OK
1054133602,D4,1004,20087,OK
1054153602,D4,1004,20086,OK
1054173602,D4,1005,20086,OK
1054193602,D4,1005,20086,OK
1054213602,D4,1004,20086,OK
1054234602,D4,1004,20086,OK
1054254602,D4,1005,20086,OK
1054274602,D4,1005,20086,OK
1054294602,D4,1005,20086,OK
1054314602,D4,1004,20087,OK
1054334602,D4,1005,20086,OK
1054354602,D4,1005,20086,OK
1054374602,D4,1005,20086,OK
1054394602,D4,1005,20086,OK
1054414602,D4,1005,20086,OK
1054434602,D4,1005,20086,OK
1054454604,D4,1004,20087,OK
1054475602,D4,1005,20086,OK
1054495602,D4,1005,20086,OK
1054515602,D4,1005,20086,OK
1054535602,D4,1005,20086,OK
1054555602,D4,1005,20086,OK
1054575602,D4,1005,20087,OK
1054595602,D4,1005,20086,OK
1054615602,D4,1004,20087,OK
1054635602,D4,1004,20086,OK
1054655602,D4,1005,20086,OK
1054675602,D4,1004,20086,OK
1054696602,D4,1005,20086,OK
1054716602,D4,1004,20087,OK
1054736602,D4,1005,20086,OK
1054756602,D4,1005,20086,OK
1054776602,D4,1005,20086,OK
1054796602,D4,1005,20086,OK
1054816602,D4,1004,20087,OK
1054836602,D4,1005,20086,OK
1054856602,D4,1005,20086,OK
1054876602,D4,1005,20086,OK
1054896602,D4,1004,20087,OK
1054916602,D4,1004,20086,OK
1054937602,D4,1004,20086,OK
1054957602,D4,1004,20086,OK
1054977602,D4,1005,20086,OK
1054997602,D4,1005,20086,OK
# diag,ms=1055000,channel=D4,pin=18,level=0
1055017602,D4,1005,20086,OK
1055037602,D4,1005,20086,OK
1055057602,D4,1005,20086,OK
1055077602,D4,1005,20086,OK
1055097602,D4,1005,20086,OK
1055117602,D4,1004,20087,OK
1055137602,D4,1004,20086,OK
1055158602,D4,1005,20086,OK
1055178602,D4,1004,20086,OK
1055198602,D4,1005,20086,OK
1055218602,D4,1005,20086,OK
1055238602,D4,1005,20086,OK
1055258602,D4,1005,20086,OK
1055278602,D4,1005,20086,OK
1055298602,D4,1004,20087,OK
1055318602,D4,1004,20086,OK
1055338602,D4,1004,20086,OK
1055358602,D4,1004,20086,OK
1055378602,D4,1004,20086,OK
1055399602,D4,1004,20086,OK
1055419602,D4,1004,20086,OK
1055439602,D4,1004,20086,OK
1055459602,D4,1004,20086,OK
1055479602,D4,1004,20086,OK
1055499602,D4,1004,20086,OK
1055519602,D4,1005,20086,OK
1055539602,D4,1005,20086,OK
1055559602,D4,1005,20086,OK
1055579602,D4,1005,20086,OK
1055599602,D4,1005,20086,OK
1055619602,D4,1005,20086,OK
1055640602,D4,1005,20086,OK
1055660602,D4,1005,20086,OK
1055680602,D4,1005,20086,OK
1055700602,D4,1005,20086,OK
1055720602,D4,1005,20086,OK
1055740602,D4,1005,20086,OK
1055760602,D4,1005,20086,OK
1055780602,D4,1005,20086,OK
1055800602,D4,1005,20086,OK
1055820602,D4,1005,20086,OK
1055840602,D4,1004,20087,OK
1055861602,D4,1004,20086,OK
1055881602,D4,1004,20086,OK
1055901602,D4,1004,20086,OK
1055921602,D4,1004,20086,OK
1055941602,D4,1004,20086,OK
1055961602,D4,1004,20086,OK
1055981602,D4,1005,20086,OK
# diag,ms=1056000,channel=D4,pin=18,level=1
1056001602,D4,1005,20086,OK
1056021602,D4,1005,20086,OK
1056041602,D4,1005,20086,OK
1056061602,D4,1005,20086,OK
1056081602,D4,1005,20086,OK
1056102602,D4,1005,20086,OK
1056122602,D4,1005,20086,OK
1056142602,D4,1005,20086,OK
1056162602,D4,1005,20086,OK
1056182602,D4,1005,20086,OK
1056202602,D4,1005,20086,OK
1056222602,D4,1004,20087,OK
1056242602,D4,1004,20086,OK
1056262602,D4,1004,20086,OK
1056282602,D4,1004,20086,OK
1056302602,D4,1004,20086,OK
1056322607,D4,1005,20087,OK
1056343602,D4,1005,20085,OK
1056363602,D4,1005,20086,OK
1056383602,D4,1005,20086,OK
1056403602,D4,1005,20086,OK
1056423602,D4,1005,20086,OK
1056443602,D4,1005,20086,OK
1056463602,D4,1005,20086,OK
1056483602,D4,1004,20087,OK
1056503602,D4,1004,20086,OK
1056523602,D4,1005,20086,OK
1056543602,D4,1005,20086,OK
1056564602,D4,1005,20086,OK
1056584602,D4,1005,20086,OK
1056604602,D4,1005,20086,OK
1056624602,D4,1005,20086,OK
1056644602,D4,1005,20086,OK
1056664602,D4,1005,20086,OK
1056684602,D4,1005,20086,OK
1056704602,D4,1005,20086,OK
1056724602,D4,1005,20086,OK
1056744602,D4,1005,20086,OK
1056764602,D4,1004,20087,OK
1056784602,D4,1004,20086,OK
1056805602,D4,1004,20086,OK
1056825602,D4,1004,20086,OK
1056845602,D4,1004,20086,OK
1056865602,D4,1004,20086,OK
1056885602,D4,1004,20086,OK
1056905602,D4,1005,20086,OK
1056925602,D4,1005,20086,OK
1056945602,D4,1005,20086,OK
1056965602,D4,1005,20086,OK
1056985602,D4,1005,20086,OK
# diag,ms=1057000,channel=D4,pin=18,level=0
1057005602,D4,1005,20086,OK
1057026602,D4,1007,20087,OK
1057046602,D4,1005,20085,OK
1057066602,D4,1005,20086,OK
1057086602,D4,1005,20086,OK
1057106602,D4,1005,20086,OK
1057126602,D4,1005,20086,OK
1057146602,D4,1005,20086,OK
1057166602,D4,1005,20086,OK
1057186602,D4,1004,20087,OK
1057206602,D4,1004,20086,OK
1057226602,D4,1004,20086,OK
1057246602,D4,1004,20086,OK
1057267602,D4,1004,20086,OK
1057287602,D4,1004,20086,OK
1057307602,D4,1004,20086,OK
1057327602,D4,1004,20086,OK
1057347602,D4,1004,20086,OK
1057367602,D4,1004,20086,OK
1057387602,D4,1005,20086,OK
1057407602,D4,1005,20086,OK
1057427602,D4,1005,20086,OK
1057447602,D4,1005,20086,OK
1057467602,D4,1005,20086,OK
1057487602,D4,1005,20086,OK
1057508602,D4,1005,20086,OK
1057528602,D4,1005,20086,OK
1057548602,D4,1005,20086,OK
1057568602,D4,1005,20086,OK
1057588602,D4,1005,20086,OK
1057608602,D4,1005,20086,OK
1057628602,D4,1005,20086,OK
1057648602,D4,1005,20086,OK
1057668602,D4,1005,20086,OK
1057688602,D4,1006,20086,OK
1057708602,D4,1004,20087,OK
1057729602,D4,1004,20086,OK
1057749602,D4,1004,20086,OK
1057769602,D4,1004,20086,OK
1057789602,D4,1004,20086,OK
1057809602,D4,1004,20086,OK
1057829602,D4,1004,20086,OK
1057849602,D4,1004,20086,OK
1057869602,D4,1004,20087,OK
1057889602,D4,1004,20086,OK
1057909602,D4,1004,20086,OK
1057929602,D4,1004,20086,OK
1057949602,D4,1005,20086,OK
1057970602,D4,1005,20086,OK
1057990602,D4,1005,20086,OK
# diag,ms=1058000,channel=D4,pin=18,level=0
1058010602,D4,1005,20086,OK
1058030602,D4,1005,20086,OK
1058050602,D4,1005,20086,OK
1058070602,D4,1005,20086,OK
1058090602,D4,1005,20086,OK
1058110602,D4,1005,20086,OK
1058130602,D4,1005,20086,OK
1058150602,D4,1005,20086,OK
1058170602,D4,1005,20086,OK
1058191602,D4,1002,20089,OK
1058211602,D4,1005,20083,OK
1058231602,D4,1005,20086,OK
1058251602,D4,1005,20086,OK
1058271602,D4,1005,20086,OK
1058291602,D4,1005,20086,OK
1058311602,D4,1004,20087,OK
1058331602,D4,1004,20086,OK
1058351602,D4,1004,20086,OK
1058371602,D4,1004,20086,OK
1058391602,D4,1004,20086,OK
1058411602,D4,1004,20086,OK
1058432602,D4,1004,20086,OK
1058452602,D4,1005,20090,OK
1058472602,D4,1004,20087,OK
1058492602,D4,1005,20086,OK
1058512602,D4,1005,20086,OK
1058532602,D4,1005,20086,OK
1058552602,D4,1005,20086,OK
1058572602,D4,1005,20086,OK
1058592602,D4,1005,20086,OK
1058612602,D4,1005,20086,OK
1058632602,D4,1005,20086,OK
1058652602,D4,1005,20086,OK
1058673602,D4,1005,20086,OK
1058693602,D4,1005,20086,OK
1058713602,D4,1005,20086,OK
1058733602,D4,1005,20086,OK
1058753602,D4,1005,20086,OK
1058773602,D4,1005,20086,OK
1058793602,D4,1005,20086,OK
1058813602,D4,1005,20086,OK
1058833602,D4,1005,20086,OK
1058853602,D4,1004,20087,OK
1058873602,D4,1004,20086,OK
1058894602,D4,1004,20086,OK
1058914602,D4,1004,20086,OK
1058934602,D4,1004,20086,OK
1058954602,D4,1004,20086,OK
1058974602,D4,1004,20086,OK
1058994602,D4,1004,20086,OK
# diag,ms=1059000,channel=D4,pin=18,level=0
1059014602,D4,1004,20086,OK
1059034602,D4,1004,20086,OK
1059054602,D4,1004,20086,OK
1059074602,D4,1005,20086,OK
1059094602,D4,1004,20086,OK
1059114602,D4,1005,20086,OK
1059135602,D4,1005,20086,OK
1059155602,D4,1005,20086,OK
1059175602,D4,1005,20086,OK
1059195602,D4,1005,20086,OK
1059215602,D4,1005,20086,OK
1059235602,D4,1005,20086,OK
1059255602,D4,1005,20086,OK
1059275602,D4,1005,20086,OK
1059295602,D4,1005,20086,OK
1059315602,D4,1005,20086,OK
1059335602,D4,1005,20086,OK
1059355607,D4,1005,20089,OK
1059376602,D4,1005,20083,OK
1059396602,D4,1005,20086,OK
1059416602,D4,1005,20086,OK
1059436602,D4,1005,20086,OK
1059456602,D4,1005,20086,OK
1059476602,D4,1004,20087,OK
1059496602,D4,1004,20086,OK
1059516602,D4,1004,20086,OK
1059536602,D4,1004,20086,OK
1059556602,D4,1005,20086,OK
1059576602,D4,1004,20086,OK
1059597602,D4,1004,20086,OK
1059617602,D4,1004,20086,OK
1059637602,D4,1004,20086,OK
1059657602,D4,1004,20086,OK
1059677602,D4,1004,20086,OK
1059697602,D4,1005,20086,OK
1059717602,D4,1005,20086,OK
1059737602,D4,1005,20086,OK
1059757602,D4,1005,20086,OK
1059777602,D4,1005,20086,OK
1059797602,D4,1005,20086,OK
1059817602,D4,1005,20086,OK
1059838602,D4,1005,20086,OK
1059858602,D4,1005,20086,OK
1059878602,D4,1005,20086,OK
1059898602,D4,1005,20086,OK
1059918602,D4,1005,20086,OK
1059938602,D4,1005,20086,OK
1059958602,D4,1005,20086,OK
1059978602,D4,1005,20086,OK
1059998602,D4,1005,20086,OK
# diag,ms=1060000,channel=D4,pin=18,level=0
1060018602,D4,1005,20086,OK
1060038602,D4,1004,20087,OK
1060059602,D4,1004,20086,OK
1060079602,D4,1004,20086,OK
1060099602,D4,1004,20086,OK
1060119602,D4,1004,20086,OK
1060139602,D4,1004,20086,OK
1060159602,D4,1004,20086,OK
1060179602,D4,1004,20086,OK
1060199602,D4,1004,20086,OK
1060219602,D4,1004,20086,OK
1060239602,D4,1004,20086,OK
1060259602,D4,1004,20086,OK
1060279602,D4,1005,20086,OK
1060300602,D4,1005,20086,OK
1060320602,D4,1005,20086,OK
1060340602,D4,1005,20086,OK
1060360602,D4,1005,20086,OK
1060380602,D4,1005,20086,OK
1060400602,D4,1004,20092,OK
1060420602,D4,1005,20086,OK
1060440602,D4,1005,20086,OK
1060460602,D4,1005,20086,OK
1060480602,D4,1005,20086,OK
1060500602,D4,1005,20086,OK
1060520605,D4,1007,20086,OK
1060541602,D4,1005,20086,OK
1060561602,D4,1005,20086,OK
1060581602,D4,1005,20086,OK
1060601602,D4,1005,20086,OK
1060621602,D4,1005,20086,OK
1060641602,D4,1005,20086,OK
1060661602,D4,1005,20086,OK
1060681602,D4,1005,20086,OK
1060701602,D4,1005,20086,OK
1060721602,D4,1004,20087,OK
1060741602,D4,1004,20086,OK
1060762602,D4,1004,20086,OK
1060782602,D4,1004,20086,OK
1060802602,D4,1004,20086,OK
1060822602,D4,1004,20086,OK
1060842602,D4,1004,20086,OK
1060862602,D4,1004,20086,OK
1060882602,D4,1004,20086,OK
1060902602,D4,1004,20086,OK
1060922602,D4,1004,20086,OK
1060942602,D4,1004,20086,OK
1060962602,D4,1005,20086,OK
1060982602,D4,1005,20086,OK
# diag,ms=1061000,channel=D4,pin=18,level=0
1061003602,D4,1005,20086,OK
1061023602,D4,1005,20086,OK
1061043602,D4,1005,20086,OK
1061063602,D4,1005,20086,OK
1061083602,D4,1005,20086,OK
1061103602,D4,1005,20086,OK
1061123602,D4,1005,20086,OK
1061143602,D4,1005,20086,OK
1061163602,D4,1004,20087,OK
1061183602,D4,1004,20086,OK
1061203602,D4,1004,20086,OK
1061224602,D4,1004,20086,OK
1061244602,D4,1004,20086,OK
1061264602,D4,1004,20086,OK
1061284602,D4,1004,20086,OK
1061304602,D4,1005,20086,OK
1061324602,D4,1005,20086,OK
1061344602,D4,1005,20087,OK
1061364602,D4,1005,20086,OK
1061384602,D4,1004,20087,OK
1061404602,D4,1004,20086,OK
1061424602,D4,1004,20086,OK
1061444602,D4,1004,20086,OK
1061465602,D4,1004,20086,OK
1061485602,D4,1004,20086,OK
1061505602,D4,1004,20086,OK
1061525602,D4,1004,20086,OK
1061545602,D4,1004,20086,OK
1061565602,D4,1004,20086,OK
1061585602,D4,1004,20086,OK
1061605602,D4,1004,20086,OK
1061625602,D4,1004,20086,OK
1061645602,D4,1005,20086,OK
1061665602,D4,1004,20086,OK
1061685602,D4,1005,20086,OK
1061706602,D4,1005,20086,OK
1061726602,D4,1005,20086,OK
1061746602,D4,1005,20086,OK
1061766602,D4,1005,20086,OK
1061786602,D4,1005,20086,OK
1061806602,D4,1005,20086,OK
1061826602,D4,1005,20086,OK
1061846602,D4,1005,20086,OK
1061866602,D4,1005,20086,OK
1061886602,D4,1005,20086,OK
1061906602,D4,1005,20086,OK
1061927602,D4,1003,20088,OK
1061947602,D4,1005,20084,OK
1061967602,D4,1005,20086,OK
1061987602,D4,1005,20086,OK
# diag,ms=1062000,channel=D4,pin=18,level=0
1062007602,D4,1005,20086,OK
1062027602,D4,1005,20086,OK
1062047602,D4,1005,20086,OK
1062067602,D4,1005,20086,OK
1062087602,D4,1005,20086,OK
1062107602,D4,1005,20086,OK
1062127602,D4,1005,20086,OK
1062147602,D4,1004,20087,OK
1062168602,D4,1004,20086,OK
1062188602,D4,1004,20086,OK
1062208602,D4,1004,20086,OK
1062228602,D4,1004,20086,OK
1062248602,D4,1004,20086,OK
1062268602,D4,1004,20086,OK
1062288602,D4,1004,20086,OK
1062308602,D4,1004,20086,OK
1062328602,D4,1004,20086,OK
1062348602,D4,1004,20086,OK
1062368602,D4,1005,20086,OK
1062388605,D4,1004,20086,OK
1062409602,D4,1005,20086,OK
1062429602,D4,1005,20086,OK
1062449602,D4,1005,20086,OK
1062469602,D4,1005,20086,OK
1062489602,D4,1005,20086,OK
1062509602,D4,1005,20086,OK
1062529602,D4,1004,20087,OK
1062549602,D4,1004,20086,OK
1062569602,D4,1004,20086,OK
1062589602,D4,1005,20086,OK
1062609602,D4,1005,20086,OK
1062630602,D4,1005,20086,OK
1062650602,D4,1005,20086,OK
1062670602,D4,1005,20086,OK
1062690602,D4,1004,20087,OK
1062710602,D4,1004,20086,OK
1062730602,D4,1004,20086,OK
1062750602,D4,1005,20086,OK
1062770602,D4,1005,20086,OK
1062790602,D4,1005,20086,OK
1062810602,D4,1005,20086,OK
1062830602,D4,1004,20087,OK
1062850602,D4,1004,20086,OK
1062871602,D4,1004,20086,OK
1062891602,D4,1005,20086,OK
1062911602,D4,1005,20086,OK
1062931602,D4,1004,20087,OK
1062951602,D4,1004,20086,OK
1062971602,D4,1004,20086,OK
1062991602,D4,1004,20086,OK
# diag,ms=1063000,channel=D4,pin=18,level=0
1063011602,D4,1004,20086,OK
1063031602,D4,1005,20086,OK
1063051602,D4,1005,20086,OK
1063071602,D4,1005,20086,OK
1063092602,D4,1002,20088,OK
1063112602,D4,1005,20084,OK
1063132602,D4,1004,20087,OK
1063152602,D4,1005,20086,OK
1063172602,D4,1005,20086,OK
1063192602,D4,1005,20086,OK
1063212602,D4,1004,20087,OK
1063232602,D4,1004,20086,OK
1063252602,D4,1004,20086,OK
1063272602,D4,1004,20086,OK
1063292602,D4,1005,20086,OK
1063312602,D4,1005,20086,OK
1063333602,D4,1005,20086,OK
1063353602,D4,1005,20086,OK
1063373602,D4,1005,20086,OK
1063393602,D4,1004,20087,OK
1063413602,D4,1005,20086,OK
1063433602,D4,1005,20086,OK
1063453602,D4,1005,20086,OK
1063473602,D4,1004,20087,OK
1063493602,D4,1005,20085,OK
1063513602,D4,1004,20087,OK
1063533602,D4,1004,20086,OK
1063553604,D4,1005,20086,OK
1063574602,D4,1005,20086,OK
1063594602,D4,1005,20086,OK
1063614602,D4,1005,20086,OK
1063634602,D4,1005,20086,OK
1063654602,D4,1004,20087,OK
1063674602,D4,1005,20086,OK
1063694602,D4,1005,20086,OK
1063714602,D4,1005,20086,OK
1063734602,D4,1004,20087,OK
1063754602,D4,1004,20086,OK
1063774602,D4,1004,20086,OK
1063795602,D4,1004,20086,OK
1063815602,D4,1005,20086,OK
1063835602,D4,1005,20086,OK
1063855602,D4,1004,20087,OK
1063875602,D4,1004,20086,OK
1063895602,D4,1004,20086,OK
1063915602,D4,1004,20086,OK
1063935602,D4,1005,20086,OK
1063955602,D4,1005,20086,OK
1063975602,D4,1004,20087,OK
1063995602,D4,1004,20086,OK
# diag,ms=1064000,channel=D4,pin=18,level=0
1064015602,D4,1004,20086,OK
1064036602,D4,1004,20086,OK
1064056602,D4,1005,20086,OK
1064076602,D4,1005,20086,OK
1064096602,D4,1005,20086,OK
1064116602,D4,1004,20087,OK
1064136602,D4,1004,20086,OK
1064156602,D4,1004,20086,OK
1064176602,D4,1004,20086,OK
1064196602,D4,1005,20086,OK
1064216602,D4,1005,20086,OK
1064236602,D4,1004,20087,OK
1064257602,D4,1005,20086,OK
1064277602,D4,1004,20086,OK
1064297602,D4,1004,20086,OK
1064317602,D4,1004,20086,OK
1064337602,D4,1005,20086,OK
1064357602,D4,1005,20086,OK
1064377602,D4,1004,20087,OK
1064397602,D4,1004,20086,OK
1064417602,D4,1005,20086,OK
1064437602,D4,1004,20086,OK
1064457602,D4,1004,20086,OK
1064477602,D4,1005,20086,OK
1064498602,D4,1005,20086,OK
1064518602,D4,1004,20087,OK
1064538602,D4,1004,20086,OK
1064558602,D4,1004,20086,OK
1064578602,D4,1004,20086,OK
1064598602,D4,1005,20086,OK
1064618602,D4,1005,20086,OK
1064638602,D4,1004,20086,OK
1064658602,D4,1005,20086,OK
1064678602,D4,1005,20086,OK
1064698602,D4,1005,20086,OK
1064718602,D4,1005,20086,OK
1064739602,D4,1004,20087,OK
1064759602,D4,1004,20086,OK
1064779602,D4,1004,20086,OK
1064799602,D4,1004,20086,OK
1064819602,D4,1004,20086,OK
1064839602,D4,1005,20086,OK
1064859602,D4,1005,20086,OK
1064879602,D4,1005,20086,OK
1064899602,D4,1005,20086,OK
1064919602,D4,1004,20087,OK
1064939602,D4,1004,20086,OK
1064960602,D4,1004,20086,OK
1064980602,D4,1004,20086,OK
1065000602,D4,1004,20086,OK
# diag,ms=1065000,channel=D4,pin=18,level=0
1065020602,D4,1005,20086,OK
1065040602,D4,1005,20086,OK
1065060602,D4,1005,20086,OK
1065080602,D4,1004,20087,OK
1065100602,D4,1004,20086,OK
1065120602,D4,1004,20086,OK
1065140602,D4,1004,20086,OK
1065160602,D4,1004,20086,OK
1065180602,D4,1008,20086,OK
1065201602,D4,1005,20086,OK
1065221602,D4,1005,20086,OK
1065241602,D4,1005,20086,OK
1065261602,D4,1004,20087,OK
1065281602,D4,1004,20086,OK
1065301602,D4,1004,20086,OK
1065321602,D4,1004,20086,OK
1065341602,D4,1004,20086,OK
1065361602,D4,1004,20086,OK
1065381602,D4,1005,20086,OK
1065401602,D4,1005,20086,OK
1065422602,D4,1002,20089,OK
1065442602,D4,1004,20084,OK
1065462602,D4,1004,20086,OK
1065482602,D4,1004,20086,OK
1065502602,D4,1004,20086,OK
1065522602,D4,1004,20086,OK
1065542602,D4,1005,20086,OK
1065562602,D4,1005,20086,OK
1065582602,D4,1005,20086,OK
1065602602,D4,1004,20087,OK
1065622602,D4,1004,20086,OK
1065642602,D4,1004,20086,OK
1065663602,D4,1004,20086,OK
1065683602,D4,1004,20086,OK
1065703602,D4,1005,20086,OK
1065723602,D4,1005,20086,OK
1065743602,D4,1005,20086,OK
1065763602,D4,1004,20087,OK
1065783602,D4,1004,20086,OK
1065803602,D4,1004,20086,OK
1065823602,D4,1004,20086,OK
1065843602,D4,1004,20086,OK
1065863602,D4,1004,20086,OK
1065883602,D4,1005,20086,OK
1065904602,D4,1005,20086,OK
1065924602,D4,1005,20086,OK
1065944602,D4,1004,20087,OK
1065964602,D4,1004,20086,OK
1065984602,D4,1004,20086,OK
# diag,ms=1066000,channel=D4,pin=18,level=0
1066004602,D4,1004,20086,OK
1066024602,D4,1004,20086,OK
1066044602,D4,1005,20086,OK
1066064602,D4,1005,20086,OK
1066084602,D4,1005,20086,OK
1066104602,D4,1004,20087,OK
1066125602,D4,1002,20088,OK
1066145602,D4,1004,20084,OK
1066165602,D4,1004,20086,OK
1066185602,D4,1012,20086,OK
1066205602,D4,1005,20086,OK
1066225602,D4,1004,20087,OK
1066245602,D4,1004,20086,OK
1066265602,D4,1004,20086,OK
1066285602,D4,1004,20086,OK
1066305602,D4,1004,20086,OK
1066325602,D4,1004,20086,OK
1066345602,D4,1005,20086,OK
1066366602,D4,1005,20086,OK
1066386602,D4,1004,20087,OK
1066406602,D4,1004,20086,OK
1066426602,D4,1004,20086,OK
1066446602,D4,1004,20086,OK
1066466602,D4,1004,20086,OK
1066486602,D4,1005,20086,OK
1066506602,D4,1005,20086,OK
1066526602,D4,1004,20087,OK
1066546602,D4,1004,20086,OK
1066566602,D4,1004,20086,OK
1066586607,D4,1005,20088,OK
1066607602,D4,1004,20084,OK
1066627602,D4,1004,20086,OK
1066647602,D4,1005,20086,OK
1066667602,D4,1005,20086,OK
1066687602,D4,1005,20086,OK
1066707602,D4,1004,20087,OK
1066727602,D4,1004,20086,OK
1066747602,D4,1004,20086,OK
1066767602,D4,1004,20086,OK
1066787602,D4,1005,20086,OK
1066807602,D4,1005,20086,OK
1066828602,D4,1004,20087,OK
1066848602,D4,1004,20086,OK
1066868602,D4,1005,20086,OK
1066888602,D4,1005,20086,OK
1066908602,D4,1005,20086,OK
1066928602,D4,1005,20086,OK
1066948602,D4,1005,20086,OK
1066968602,D4,1005,20086,OK
1066988602,D4,1005,20086,OK
# diag,ms=1067000,channel=D4,pin=18,level=0
1067008602,D4,1005,20086,OK
1067028602,D4,1005,20086,OK
1067048602,D4,1005,20086,OK
1067069602,D4,1005,20086,OK
1067089602,D4,1005,20086,OK
1067109602,D4,1005,20086,OK
1067129602,D4,1004,20087,OK
1067149602,D4,1004,20086,OK
1067169602,D4,1004,20086,OK
1067189602,D4,1004,20086,OK
1067209602,D4,1004,20086,OK
1067229602,D4,1004,20086,OK
1067249602,D4,1004,20086,OK
1067269602,D4,1004,20086,OK
1067290602,D4,1007,20087,OK
1067310602,D4,1004,20085,OK
1067330602,D4,1004,20086,OK
1067350602,D4,1004,20086,OK
1067370602,D4,1004,20086,OK
1067390602,D4,1004,20086,OK
1067410602,D4,1005,20086,OK
1067430602,D4,1005,20086,OK
1067450602,D4,1010,20086,OK
1067470602,D4,1005,20086,OK
1067490602,D4,1005,20086,OK
1067510602,D4,1005,20086,OK
1067531602,D4,1005,20086,OK
1067551602,D4,1005,20086,OK
1067571602,D4,1005,20086,OK
1067591602,D4,1005,20086,OK
1067611602,D4,1005,20086,OK
1067631602,D4,1005,20086,OK
1067651602,D4,1005,20086,OK
1067671602,D4,1005,20086,OK
1067691602,D4,1005,20086,OK
1067711602,D4,1005,20086,OK
1067731602,D4,1005,20086,OK
1067751601,D4,1005,20086,OK
1067772602,D4,1005,20086,OK
1067792602,D4,1005,20086,OK
1067812602,D4,1005,20086,OK
1067832602,D4,1005,20086,OK
1067852602,D4,1005,20086,OK
1067872602,D4,1004,20087,OK
1067892602,D4,1004,20086,OK
1067912602,D4,1004,20086,OK
1067932602,D4,1004,20086,OK
1067952602,D4,1005,20086,OK
1067972602,D4,1004,20086,OK
1067993602,D4,1004,20086,OK
# diag,ms=1068000,channel=D4,pin=18,level=0
1068013602,D4,1004,20086,OK
1068033602,D4,1004,20086,OK
1068053602,D4,1004,20086,OK
1068073602,D4,1004,20086,OK
1068093602,D4,1005,20086,OK
1068113602,D4,1005,20086,OK
1068133602,D4,1005,20086,OK
1068153602,D4,1005,20086,OK
1068173602,D4,1005,20086,OK
1068193602,D4,1005,20086,OK
1068213602,D4,1005,20086,OK
1068234602,D4,1005,20086,OK
1068254602,D4,1005,20086,OK
1068274602,D4,1005,20086,OK
1068294602,D4,1004,20091,OK
1068314602,D4,1005,20086,OK
1068334602,D4,1005,20086,OK
1068354602,D4,1005,20086,OK
1068374602,D4,1005,20086,OK
1068394602,D4,1005,20086,OK
1068414602,D4,1005,20086,OK
1068434602,D4,1005,20086,OK
1068455602,D4,1007,20086,OK
1068475602,D4,1005,20086,OK
1068495602,D4,1005,20086,OK
1068515602,D4,1005,20086,OK
1068535602,D4,1005,20086,OK
1068555602,D4,1005,20086,OK
1068575602,D4,1004,20087,OK
1068595602,D4,1004,20086,OK
1068615602,D4,1004,20086,OK
1068635602,D4,1004,20086,OK
1068655602,D4,1004,20086,OK
1068675602,D4,1004,20086,OK
1068696602,D4,1004,20086,OK
1068716602,D4,1004,20086,OK
1068736602,D4,1004,20086,OK
1068756602,D4,1004,20086,OK
1068776602,D4,1004,20086,OK
1068796602,D4,1004,20086,OK
1068816602,D4,1004,20086,OK
1068836602,D4,1004,20086,OK
1068856602,D4,1004,20086,OK
1068876602,D4,1004,20086,OK
1068896602,D4,1004,20086,OK
1068916602,D4,1004,20086,OK
1068937602,D4,1004,20086,OK
1068957602,D4,1004,20086,OK
1068977602,D4,1005,20086,OK
1068997602,D4,1005,20086,OK
# diag,ms=1069000,channel=D4,pin=18,level=0
1069017602,D4,1005,20086,OK
1069037602,D4,1005,20086,OK
1069057602,D4,1005,20086,OK
1069077602,D4,1005,20086,OK
1069097602,D4,1005,20086,OK
1069117602,D4,1005,20086,OK
1069137602,D4,1005,20086,OK
1069158602,D4,1002,20089,OK
1069178602,D4,1005,20083,OK
1069198602,D4,1005,20086,OK
1069218602,D4,1009,20086,OK
1069238602,D4,1005,20086,OK
1069258602,D4,1005,20086,OK
1069278602,D4,1005,20086,OK
1069298602,D4,1005,20086,OK
1069318602,D4,1005,20086,OK
1069338602,D4,1005,20086,OK
1069358602,D4,1005,20086,OK
1069378602,D4,1005,20086,OK
1069399602,D4,1005,20086,OK
1069419602,D4,1005,20086,OK
1069439602,D4,1005,20086,OK
1069459602,D4,1005,20086,OK
1069479602,D4,1005,20086,OK
1069499602,D4,1005,20086,OK
1069519602,D4,1005,20086,OK
1069539602,D4,1005,20086,OK
1069559602,D4,1005,20086,OK
1069579602,D4,1005,20086,OK
1069599602,D4,1004,20087,OK
1069619605,D4,1005,20086,OK
1069640602,D4,1004,20086,OK
1069660602,D4,1004,20086,OK
1069680602,D4,1004,20086,OK
1069700602,D4,1004,20086,OK
1069720602,D4,1004,20086,OK
1069740602,D4,1004,20086,OK
1069760602,D4,1004,20086,OK
1069780602,D4,1004,20086,OK
1069800602,D4,1004,20086,OK
1069820602,D4,1005,20086,OK
1069840602,D4,1004,20086,OK
1069861602,D4,1004,20086,OK
1069881602,D4,1004,20086,OK
1069901602,D4,1005,20086,OK
1069921602,D4,1005,20086,OK
1069941602,D4,1005,20086,OK
1069961602,D4,1005,20086,OK
1069981602,D4,1005,20086,OK
# diag,ms=1070000,channel=D4,pin=18,level=1
1070001602,D4,1005,20086,OK
1070021602,D4,1005,20086,OK
1070041602,D4,1005,20086,OK
1070061602,D4,1005,20086,OK
1070081602,D4,1005,20086,OK
1070102602,D4,1005,20086,OK
1070122602,D4,1005,20086,OK
1070142602,D4,1005,20086,OK
1070162602,D4,1005,20086,OK
1070182602,D4,1005,20086,OK
1070202602,D4,1005,20086,OK
1070222602,D4,1005,20086,OK
1070242602,D4,1005,20086,OK
1070262602,D4,1005,20086,OK
1070282602,D4,1005,20086,OK
1070302602,D4,1005,20086,OK
1070323602,D4,1007,20086,OK
1070343602,D4,1005,20086,OK
1070363602,D4,1005,20086,OK
1070383602,D4,1005,20086,OK
1070403602,D4,1005,20086,OK
1070423602,D4,1005,20086,OK
1070443602,D4,1005,20086,OK
1070463602,D4,1004,20087,OK
1070483602,D4,1005,20085,OK
1070503602,D4,1004,20087,OK
1070523602,D4,1004,20086,OK
1070543602,D4,1004,20086,OK
1070564602,D4,1004,20086,OK
1070584602,D4,1004,20086,OK
1070604602,D4,1004,20086,OK
1070624602,D4,1004,20086,OK
1070644602,D4,1004,20086,OK
1070664602,D4,1004,20086,OK
1070684602,D4,1004,20086,OK
1070704602,D4,1004,20086,OK
1070724602,D4,1004,20086,OK
1070744602,D4,1004,20086,OK
1070764602,D4,1004,20086,OK
1070784602,D4,1004,20086,OK
1070805602,D4,1004,20086,OK
1070825602,D4,1005,20086,OK
1070845602,D4,1005,20086,OK
1070865602,D4,1005,20086,OK
1070885602,D4,1005,20086,OK
1070905602,D4,1005,20086,OK
1070925602,D4,1005,20086,OK
1070945602,D4,1005,20086,OK
1070965602,D4,1005,20086,OK
1070985602,D4,1005,20086,OK
# diag,ms=1071000,channel=D4,pin=18,level=0
1071005602,D4,1005,20086,OK
1071026602,D4,1002,20089,OK
1071046602,D4,1005,20083,OK
1071066602,D4,1005,20086,OK
1071086602,D4,1005,20086,OK
1071106602,D4,1005,20086,OK
1071126602,D4,1005,20086,OK
1071146602,D4,1005,20086,OK
1071166602,D4,1005,20086,OK
1071186602,D4,1005,20086,OK
1071206602,D4,1004,20087,OK
1071226602,D4,1004,20086,OK
1071246602,D4,1004,20086,OK
1071267602,D4,1004,20086,OK
1071287602,D4,1004,20086,OK
1071307602,D4,1004,20086,OK
1071327602,D4,1004,20086,OK
1071347602,D4,1004,20086,OK
1071367602,D4,1004,20086,OK
1071387602,D4,1004,20086,OK
1071407602,D4,1004,20086,OK
1071427602,D4,1004,20086,OK
1071447602,D4,1004,20086,OK
1071467602,D4,1004,20086,OK
1071487605,D4,1005,20086,OK
1071508602,D4,1004,20086,OK
1071528602,D4,1004,20086,OK
1071548602,D4,1004,20086,OK
1071568602,D4,1005,20086,OK
1071588602,D4,1005,20086,OK
1071608602,D4,1005,20086,OK
1071628602,D4,1005,20086,OK
1071648602,D4,1005,20086,OK
1071668602,D4,1005,20086,OK
1071688602,D4,1005,20086,OK
1071708602,D4,1005,20086,OK
1071729602,D4,1005,20086,OK
1071749602,D4,1005,20086,OK
1071769602,D4,1005,20086,OK
1071789602,D4,1005,20086,OK
1071809602,D4,1005,20086,OK
1071829602,D4,1005,20086,OK
1071849602,D4,1005,20086,OK
1071869602,D4,1005,20086,OK
1071889602,D4,1005,20086,OK
1071909602,D4,1005,20086,OK
1071929602,D4,1005,20086,OK
1071949602,D4,1005,20086,OK
1071970602,D4,1005,20086,OK
1071990602,D4,1005,20086,OK
# diag,ms=1072000,channel=D4,pin=18,level=0
1072010602,D4,1005,20086,OK
1072030602,D4,1005,20086,OK
1072050602,D4,1005,20086,OK
1072070602,D4,1005,20086,OK
1072090602,D4,1005,20086,OK
1072110602,D4,1004,20087,OK
1072130602,D4,1005,20085,OK
1072150602,D4,1004,20087,OK
1072170602,D4,1004,20086,OK
1072191602,D4,1007,20085,OK
1072211602,D4,1004,20087,OK
1072231602,D4,1012,20086,OK
1072251602,D4,1004,20086,OK
1072271602,D4,1004,20086,OK
1072291602,D4,1004,20086,OK
1072311602,D4,1004,20086,OK
1072331602,D4,1004,20086,OK
1072351602,D4,1004,20086,OK
1072371602,D4,1004,20086,OK
1072391602,D4,1004,20086,OK
1072411602,D4,1004,20086,OK
1072432602,D4,1005,20086,OK
1072452602,D4,1004,20086,OK
1072472602,D4,1005,20086,OK
1072492602,D4,1004,20086,OK
1072512602,D4,1005,20086,OK
1072532602,D4,1005,20086,OK
1072552602,D4,1005,20086,OK
1072572602,D4,1005,20086,OK
1072592602,D4,1005,20086,OK
1072612602,D4,1005,20086,OK
1072632602,D4,1005,20086,OK
1072652602,D4,1005,20086,OK
1072673602,D4,1005,20086,OK
1072693602,D4,1005,20086,OK
1072713602,D4,1005,20086,OK
1072733602,D4,1005,20086,OK
1072753602,D4,1005,20086,OK
1072773602,D4,1005,20086,OK
1072793602,D4,1005,20086,OK
1072813602,D4,1005,20086,OK
1072833602,D4,1005,20086,OK
1072853602,D4,1005,20086,OK
1072873602,D4,1005,20086,OK
1072894602,D4,1002,20089,OK
1072914602,D4,1005,20083,OK
1072934602,D4,1005,20086,OK
1072954602,D4,1005,20086,OK
1072974602,D4,1005,20086,OK
1072994602,D4,1005,20086,OK
# diag,ms=1073000,channel=D4,pin=18,level=0
1073014602,D4,1005,20086,OK
1073034602,D4,1005,20086,OK
1073054602,D4,1005,20086,OK
1073074602,D4,1005,20086,OK
1073094602,D4,1004,20087,OK
1073114602,D4,1004,20086,OK
1073135602,D4,1004,20086,OK
1073155602,D4,1004,20086,OK
1073175602,D4,1004,20086,OK
1073195602,D4,1004,20086,OK
1073215602,D4,1004,20086,OK
1073235602,D4,1004,20086,OK
1073255602,D4,1004,20086,OK
1073275602,D4,1004,20086,OK
1073295602,D4,1004,20086,OK
1073315602,D4,1004,20086,OK
1073335602,D4,1004,20086,OK
1073355605,D4,1005,20086,OK
1073376602,D4,1005,20086,OK
1073396602,D4,1005,20086,OK
1073416602,D4,1005,20086,OK
1073436602,D4,1005,20086,OK
1073456602,D4,1005,20086,OK
1073476602,D4,1005,20086,OK
1073496602,D4,1011,20086,OK
1073516602,D4,1005,20086,OK
1073536602,D4,1005,20086,OK
1073556602,D4,1004,20087,OK
1073576602,D4,1005,20085,OK
1073597602,D4,1005,20086,OK
1073617602,D4,1005,20086,OK
1073637602,D4,1005,20086,OK
1073657602,D4,1005,20086,OK
1073677602,D4,1005,20086,OK
1073697602,D4,1005,20086,OK
1073717602,D4,1005,20086,OK
1073737602,D4,1005,20086,OK
1073757602,D4,1005,20086,OK
1073777602,D4,1005,20086,OK
1073797602,D4,1005,20086,OK
1073817602,D4,1005,20086,OK
1073838602,D4,1005,20086,OK
1073858602,D4,1004,20087,OK
1073878602,D4,1004,20086,OK
1073898602,D4,1004,20086,OK
1073918602,D4,1004,20086,OK
1073938602,D4,1004,20086,OK
1073958602,D4,1004,20086,OK
1073978602,D4,1004,20086,OK
1073998602,D4,1004,20086,OK
# diag,ms=1074000,channel=D4,pin=18,level=0
1074018602,D4,1004,20086,OK
1074038602,D4,1004,20086,OK
1074059602,D4,1006,20086,OK
1074079602,D4,1004,20086,OK
1074099602,D4,1005,20086,OK
1074119602,D4,1005,20086,OK
1074139602,D4,1005,20086,OK
1074159602,D4,1005,20086,OK
1074179602,D4,1005,20086,OK
1074199602,D4,1005,20086,OK
1074219602,D4,1005,20086,OK
1074239602,D4,1005,20086,OK
1074259602,D4,1005,20086,OK
1074279602,D4,1005,20086,OK
1074300602,D4,1005,20086,OK
1074320602,D4,1005,20086,OK
1074340602,D4,1005,20086,OK
1074360602,D4,1005,20086,OK
1074380602,D4,1005,20086,OK
1074400602,D4,1005,20086,OK
1074420602,D4,1005,20086,OK
1074440602,D4,1005,20086,OK
1074460602,D4,1005,20086,OK
1074480602,D4,1005,20086,OK
1074500602,D4,1004,20088,OK
1074520602,D4,1005,20086,OK
1074541602,D4,1005,20086,OK
1074561602,D4,1005,20086,OK
1074581602,D4,1005,20086,OK
1074601602,D4,1005,20086,OK
1074621602,D4,1005,20086,OK
1074641602,D4,1005,20086,OK
1074661602,D4,1005,20086,OK
1074681602,D4,1005,20086,OK
1074701602,D4,1005,20086,OK
1074721602,D4,1005,20086,OK
1074741602,D4,1005,20086,OK
1074762602,D4,1004,20087,OK
1074782602,D4,1005,20085,OK
1074802602,D4,1005,20086,OK
1074822602,D4,1005,20086,OK
1074842602,D4,1005,20086,OK
1074862602,D4,1005,20086,OK
1074882602,D4,1005,20086,OK
1074902602,D4,1005,20086,OK
1074922602,D4,1005,20086,OK
1074942602,D4,1005,20086,OK
1074962602,D4,1005,20086,OK
1074982602,D4,1004,20087,OK
# diag,ms=1075000,channel=D4,pin=18,level=0
1075003602,D4,1004,20086,OK
1075023602,D4,1004,20086,OK
1075043602,D4,1004,20086,OK
1075063602,D4,1004,20086,OK
1075083602,D4,1004,20086,OK
1075103602,D4,1004,20086,OK
1075123602,D4,1004,20086,OK
1075143602,D4,1004,20086,OK
1075163602,D4,1004,20086,OK
1075183602,D4,1004,20086,OK
1075203602,D4,1004,20086,OK
1075223607,D4,1006,20088,OK
1075244602,D4,1004,20087,OK
1075264602,D4,1006,20086,OK
1075284602,D4,1005,20086,OK
1075304602,D4,1005,20086,OK
1075324602,D4,1005,20086,OK
1075344602,D4,1005,20086,OK
1075364602,D4,1005,20086,OK
1075384602,D4,1005,20086,OK
1075404602,D4,1005,20086,OK
1075424602,D4,1004,20087,OK
1075444602,D4,1005,20085,OK
1075465602,D4,1004,20087,OK
1075485602,D4,1004,20086,OK
1075505602,D4,1004,20086,OK
1075525602,D4,1004,20086,OK
1075545602,D4,1004,20086,OK
1075565602,D4,1004,20086,OK
1075585602,D4,1004,20086,OK
1075605602,D4,1004,20086,OK
1075625602,D4,1004,20086,OK
1075645602,D4,1004,20086,OK
1075665602,D4,1004,20086,OK
1075685602,D4,1004,20086,OK
1075706602,D4,1004,20086,OK
1075726602,D4,1004,20086,OK
1075746602,D4,1004,20086,OK
1075766602,D4,1004,20086,OK
1075786602,D4,1005,20086,OK
1075806602,D4,1005,20086,OK
1075826602,D4,1005,20086,OK
1075846602,D4,1005,20086,OK
1075866602,D4,1005,20086,OK
1075886602,D4,1005,20086,OK
1075906602,D4,1005,20086,OK
1075927602,D4,1007,20087,OK
1075947602,D4,1005,20085,OK
1075967602,D4,1005,20086,OK
1075987602,D4,1005,20086,OK
# diag,ms=1076000,channel=D4,pin=18,level=0
1076007602,D4,1005,20086,OK
1076027602,D4,1005,20086,OK
1076047602,D4,1005,20086,OK
1076067602,D4,1005,20086,OK
1076087602,D4,1005,20086,OK
1076107602,D4,1005,20086,OK
1076127602,D4,1005,20086,OK
1076147602,D4,1005,20086,OK
1076168602,D4,1005,20086,OK
1076188602,D4,1005,20086,OK
1076208602,D4,1005,20086,OK
1076228602,D4,1005,20086,OK
1076248602,D4,1005,20086,OK
1076268602,D4,1005,20086,OK
1076288602,D4,1005,20086,OK
1076308602,D4,1005,20086,OK
1076328602,D4,1005,20086,OK
1076348602,D4,1004,20087,OK
1076368602,D4,1004,20086,OK
1076388602,D4,1004,20086,OK
1076409602,D4,1004,20086,OK
1076429602,D4,1004,20086,OK
1076449602,D4,1004,20086,OK
1076469602,D4,1004,20086,OK
1076489602,D4,1004,20086,OK
1076509602,D4,1004,20086,OK
1076529602,D4,1004,20086,OK
1076549602,D4,1004,20086,OK
1076569602,D4,1004,20086,OK
1076589602,D4,1005,20086,OK
1076609602,D4,1004,20086,OK
1076630602,D4,1004,20086,OK
1076650602,D4,1004,20086,OK
1076670602,D4,1005,20086,OK
1076690602,D4,1005,20086,OK
1076710602,D4,1005,20086,OK
1076730602,D4,1005,20086,OK
1076750602,D4,1005,20086,OK
1076770602,D4,1005,20086,OK
1076790602,D4,1005,20086,OK
1076810602,D4,1005,20086,OK
1076830602,D4,1005,20086,OK
1076850602,D4,1005,20086,OK
1076871602,D4,1005,20086,OK
1076891602,D4,1005,20086,OK
1076911602,D4,1005,20086,OK
1076931602,D4,1005,20086,OK
1076951602,D4,1005,20086,OK
1076971602,D4,1005,20086,OK
1076991602,D4,1005,20086,OK
# diag,ms=1077000,channel=D4,pin=18,level=0
1077011602,D4,1005,20086,OK
1077031602,D4,1005,20086,OK
1077051602,D4,1005,20086,OK
1077071602,D4,1005,20086,OK
1077091607,D4,1005,20086,OK
1077112602,D4,1005,20086,OK
1077132602,D4,1005,20086,OK
1077152602,D4,1005,20086,OK
1077172602,D4,1005,20086,OK
1077192602,D4,1004,20087,OK
1077212602,D4,1005,20085,OK
1077232602,D4,1004,20087,OK
1077252602,D4,1004,20086,OK
1077272602,D4,1004,20086,OK
1077292602,D4,1004,20086,OK
1077312602,D4,1004,20086,OK
1077333602,D4,1004,20086,OK
1077353602,D4,1004,20086,OK
1077373602,D4,1004,20086,OK
1077393602,D4,1004,20086,OK
1077413602,D4,1004,20086,OK
1077433602,D4,1004,20086,OK
1077453602,D4,1004,20086,OK
1077473602,D4,1004,20086,OK
1077493602,D4,1005,20086,OK
1077513602,D4,1005,20086,OK
1077533602,D4,1005,20086,OK
1077553602,D4,1005,20086,OK
1077574602,D4,1005,20086,OK
1077594602,D4,1005,20086,OK
1077614602,D4,1005,20086,OK
1077634602,D4,1005,20086,OK
1077654602,D4,1005,20086,OK
1077674602,D4,1005,20086,OK
1077694602,D4,1005,20086,OK
1077714602,D4,1005,20086,OK
1077734602,D4,1005,20086,OK
1077754602,D4,1005,20086,OK
1077774602,D4,1005,20086,OK
1077795602,D4,1007,20087,OK
1077815602,D4,1005,20085,OK
1077835602,D4,1005,20086,OK
1077855602,D4,1005,20086,OK
1077875602,D4,1005,20086,OK
1077895602,D4,1005,20086,OK
1077915602,D4,1005,20086,OK
1077935602,D4,1005,20086,OK
1077955602,D4,1005,20086,OK
1077975602,D4,1005,20086,OK
1077995602,D4,1005,20086,OK
# diag,ms=1078000,channel=D4,pin=18,level=0
1078015602,D4,1004,20087,OK
1078036602,D4,1005,20085,OK
1078056602,D4,1004,20087,OK
1078076602,D4,1004,20086,OK
1078096602,D4,1004,20086,OK
1078116602,D4,1004,20086,OK
1078136602,D4,1004,20086,OK
1078156602,D4,1004,20086,OK
1078176602,D4,1004,20086,OK
1078196602,D4,1004,20086,OK
1078216602,D4,1004,20086,OK
1078236602,D4,1004,20086,OK
1078256602,D4,1004,20086,OK
1078277602,D4,1005,20086,OK
1078297602,D4,1004,20086,OK
1078317602,D4,1004,20086,OK
1078337602,D4,1005,20086,OK
1078357602,D4,1005,20086,OK
1078377602,D4,1005,20086,OK
1078397602,D4,1005,20086,OK
1078417602,D4,1005,20086,OK
1078437602,D4,1005,20086,OK
1078457602,D4,1005,20086,OK
1078477602,D4,1005,20086,OK
1078498602,D4,1005,20086,OK
1078518602,D4,1005,20086,OK
1078538602,D4,1005,20086,OK
1078558602,D4,1005,20086,OK
1078578602,D4,1005,20086,OK
1078598602,D4,1005,20086,OK
1078618602,D4,1005,20086,OK
1078638602,D4,1005,20086,OK
1078658602,D4,1005,20086,OK
1078678602,D4,1005,20086,OK
1078698602,D4,1005,20086,OK
1078718602,D4,1005,20086,OK
1078739602,D4,1005,20086,OK
1078759602,D4,1005,20086,OK
1078779602,D4,1005,20086,OK
1078799602,D4,1005,20086,OK
1078819602,D4,1005,20086,OK
1078839602,D4,1004,20087,OK
1078859602,D4,1004,20086,OK
1078879602,D4,1004,20086,OK
1078899602,D4,1004,20086,OK
1078919602,D4,1004,20086,OK
1078939602,D4,1004,20086,OK
1078959607,D4,1005,20085,OK
1078980602,D4,1004,20087,OK
1079000602,D4,1004,20086,OK
# diag,ms=1079000,channel=D4,pin=18,level=0
1079020602,D4,1004,20086,OK
1079040602,D4,1004,20086,OK
1079060602,D4,1004,20086,OK
1079080602,D4,1004,20086,OK
1079100602,D4,1004,20086,OK
1079120602,D4,1005,20086,OK
1079140602,D4,1005,20086,OK
1079160602,D4,1005,20086,OK
1079180602,D4,1005,20086,OK
1079201602,D4,1005,20086,OK
1079221602,D4,1005,20086,OK
1079241602,D4,1005,20086,OK
1079261602,D4,1005,20086,OK
1079281602,D4,1005,20086,OK
1079301602,D4,1005,20086,OK
1079321602,D4,1005,20086,OK
1079341602,D4,1005,20086,OK
1079361602,D4,1005,20086,OK
1079381602,D4,1005,20086,OK
1079401602,D4,1005,20086,OK
1079421602,D4,1005,20086,OK
1079442602,D4,1005,20086,OK
1079462602,D4,1005,20086,OK
1079482602,D4,1005,20086,OK
1079502602,D4,1005,20086,OK
1079522602,D4,1005,20086,OK
1079542602,D4,1005,20086,OK
1079562602,D4,1005,20086,OK
1079582602,D4,1005,20086,OK
1079602602,D4,1004,20087,OK
1079622602,D4,1004,20086,OK
1079642602,D4,1004,20086,OK
1079663602,D4,1006,20087,OK
1079683602,D4,1004,20085,OK
1079703602,D4,1004,20086,OK
1079723602,D4,1004,20086,OK
1079743602,D4,1004,20086,OK
1079763602,D4,1004,20086,OK
1079783602,D4,1004,20086,OK
1079803602,D4,1004,20086,OK
1079823602,D4,1004,20086,OK
1079843602,D4,1004,20086,OK
1079863602,D4,1004,20086,OK
1079883602,D4,1005,20086,OK
1079904602,D4,1005,20086,OK
1079924602,D4,1005,20086,OK
1079944602,D4,1005,20086,OK
1079964602,D4,1005,20086,OK
1079984602,D4,1005,20086,OK
# diag,ms=1080000,channel=D4,pin=18,level=0
1080004602,D4,1005,20086,OK
1080024602,D4,1005,20086,OK
1080044602,D4,1005,20086,OK
1080064602,D4,1005,20086,OK
1080084602,D4,1005,20086,OK
1080104602,D4,1005,20086,OK
1080124602,D4,1005,20086,OK
1080145602,D4,1005,20086,OK
1080165602,D4,1005,20086,OK
1080185602,D4,1005,20086,OK
1080205602,D4,1005,20086,OK
1080225602,D4,1005,20086,OK
1080245602,D4,1005,20086,OK
1080265602,D4,1005,20086,OK
1080285602,D4,1005,20086,OK
1080305602,D4,1005,20086,OK
1080325602,D4,1006,20086,OK
1080345602,D4,1005,20086,OK
1080366602,D4,1005,20086,OK
1080386602,D4,1005,20086,OK
1080406602,D4,1004,20087,OK
1080426602,D4,1004,20086,OK
1080446602,D4,1004,20086,OK
1080466602,D4,1004,20086,OK
1080486602,D4,1004,20086,OK
1080506602,D4,1004,20086,OK
1080526602,D4,1004,20086,OK
1080546602,D4,1004,20086,OK
1080566602,D4,1004,20086,OK
1080586602,D4,1004,20086,OK
1080607602,D4,1004,20086,OK
1080627602,D4,1004,20086,OK
1080647602,D4,1004,20086,OK
1080667602,D4,1004,20086,OK
1080687602,D4,1005,20086,OK
1080707602,D4,1005,20086,OK
1080727602,D4,1005,20086,OK
1080747602,D4,1005,20086,OK
1080767602,D4,1005,20086,OK
1080787602,D4,1005,20086,OK
1080807602,D4,1005,20086,OK
1080827607,D4,1005,20085,OK
1080848602,D4,1005,20087,OK
1080868602,D4,1005,20086,OK
1080888602,D4,1005,20086,OK
1080908602,D4,1005,20086,OK
1080928602,D4,1005,20086,OK
1080948602,D4,1005,20086,OK
1080968602,D4,1005,20086,OK
1080988602,D4,1005,20086,OK
# diag,ms=1081000,channel=D4,pin=18,level=0
1081008602,D4,1005,20086,OK
1081028602,D4,1005,20086,OK
1081048602,D4,1005,20086,OK
1081069602,D4,1005,20086,OK
1081089602,D4,1005,20086,OK
1081109602,D4,1005,20086,OK
1081129602,D4,1005,20086,OK
1081149602,D4,1005,20086,OK
1081169602,D4,1005,20086,OK
1081189602,D4,1005,20086,OK
1081209602,D4,1004,20087,OK
1081229602,D4,1004,20086,OK
1081249602,D4,1004,20086,OK
1081269602,D4,1004,20086,OK
1081289602,D4,1004,20086,OK
1081310602,D4,1004,20086,OK
1081330602,D4,1004,20086,OK
1081350602,D4,1004,20086,OK
1081370602,D4,1004,20086,OK
1081390602,D4,1004,20086,OK
1081410602,D4,1004,20086,OK
1081430602,D4,1004,20086,OK
1081450602,D4,1004,20086,OK
1081470602,D4,1004,20086,OK
1081490602,D4,1004,20086,OK
1081510602,D4,1005,20086,OK
1081531602,D4,1006,20087,OK
1081551602,D4,1005,20085,OK
1081571602,D4,1005,20086,OK
1081591602,D4,1005,20086,OK
1081611602,D4,1005,20086,OK
1081631602,D4,1005,20086,OK
1081651602,D4,1005,20086,OK
1081671602,D4,1005,20086,OK
1081691602,D4,1005,20086,OK
1081711602,D4,1005,20086,OK
1081731602,D4,1005,20086,OK
1081751602,D4,1005,20086,OK
1081772602,D4,1005,20086,OK
1081792602,D4,1005,20086,OK
1081812602,D4,1005,20086,OK
1081832602,D4,1005,20086,OK
1081852602,D4,1005,20086,OK
1081872602,D4,1005,20086,OK
1081892602,D4,1005,20086,OK
1081912602,D4,1005,20086,OK
1081932602,D4,1005,20086,OK
1081952602,D4,1005,20086,OK
1081972602,D4,1005,20086,OK
1081992603,D4,1004,20087,OK
# diag,ms=1082000,channel=D4,pin=18,level=0
1082013602,D4,1004,20086,OK
1082033602,D4,1004,20086,OK
1082053602,D4,1004,20086,OK
1082073602,D4,1004,20086,OK
1082093602,D4,1004,20086,OK
1082113602,D4,1004,20086,OK
1082133602,D4,1004,20086,OK
1082153602,D4,1004,20086,OK
1082173602,D4,1004,20086,OK
1082193602,D4,1004,20091,OK
1082213602,D4,1005,20086,OK
1082234602,D4,1005,20086,OK
1082254602,D4,1005,20086,OK
1082274602,D4,1005,20086,OK
1082294602,D4,1005,20086,OK
1082314602,D4,1005,20086,OK
1082334602,D4,1005,20086,OK
1082354602,D4,1005,20086,OK
1082374602,D4,1005,20086,OK
1082394602,D4,1005,20086,OK
1082414602,D4,1005,20086,OK
1082434602,D4,1005,20086,OK
1082454602,D4,1005,20086,OK
1082475602,D4,1005,20086,OK
1082495602,D4,1005,20086,OK
1082515602,D4,1005,20086,OK
1082535602,D4,1005,20086,OK
1082555602,D4,1005,20086,OK
1082575602,D4,1005,20086,OK
1082595602,D4,1005,20086,OK
1082615602,D4,1005,20086,OK
1082635602,D4,1005,20086,OK
1082655602,D4,1005,20086,OK
1082675602,D4,1005,20086,OK
1082696602,D4,1005,20087,OK
1082716602,D4,1004,20086,OK
1082736602,D4,1004,20086,OK
1082756602,D4,1004,20086,OK
1082776602,D4,1004,20086,OK
1082796602,D4,1004,20086,OK
1082816602,D4,1004,20086,OK
1082836602,D4,1004,20086,OK
1082856602,D4,1004,20086,OK
1082876602,D4,1004,20086,OK
1082896602,D4,1004,20086,OK
1082916602,D4,1004,20086,OK
1082937602,D4,1004,20086,OK
1082957602,D4,1004,20086,OK
1082977602,D4,1004,20086,OK
1082997602,D4,1005,20086,OK
# diag,ms=1083000,channel=D4,pin=18,level=0
1083017602,D4,1005,20086,OK
1083037602,D4,1005,20086,OK
1083057602,D4,1005,20086,OK
1083077602,D4,1005,20086,OK
1083097602,D4,1005,20086,OK
1083117602,D4,1005,20086,OK
1083137602,D4,1005,20086,OK
1083157602,D4,1005,20086,OK
1083178602,D4,1005,20086,OK
1083198602,D4,1005,20086,OK
1083218602,D4,1005,20086,OK
1083238602,D4,1005,20086,OK
1083258602,D4,1005,20086,OK
1083278602,D4,1005,20086,OK
1083298602,D4,1005,20086,OK
1083318602,D4,1005,20086,OK
1083338602,D4,1005,20086,OK
1083358602,D4,1005,20086,OK
1083378602,D4,1005,20086,OK
1083399602,D4,1003,20088,OK
1083419602,D4,1004,20085,OK
1083439602,D4,1004,20086,OK
1083459602,D4,1004,20086,OK
1083479602,D4,1004,20086,OK
1083499602,D4,1004,20086,OK
1083519602,D4,1004,20086,OK
1083539602,D4,1004,20086,OK
1083559602,D4,1004,20086,OK
1083579602,D4,1005,20089,OK
1083599602,D4,1004,20087,OK
1083619602,D4,1004,20086,OK
1083640602,D4,1005,20086,OK
1083660602,D4,1005,20086,OK
1083680602,D4,1005,20086,OK
1083700602,D4,1005,20086,OK
1083720602,D4,1005,20086,OK
1083740602,D4,1005,20086,OK
1083760602,D4,1005,20086,OK
1083780602,D4,1005,20086,OK
1083800602,D4,1005,20086,OK
1083820602,D4,1005,20086,OK
1083840602,D4,1005,20086,OK
1083860607,D4,1005,20086,OK
1083881602,D4,1005,20086,OK
1083901602,D4,1005,20086,OK
1083921602,D4,1005,20086,OK
1083941602,D4,1005,20086,OK
1083961602,D4,1005,20086,OK
1083981602,D4,1005,20086,OK
# diag,ms=1084000,channel=D4,pin=18,level=1
1084001602,D4,1005,20086,OK
1084021602,D4,1005,20086,OK
1084041602,D4,1005,20086,OK
1084061602,D4,1004,20087,OK
1084081602,D4,1005,20085,OK
1084102602,D4,1005,20086,OK
1084122602,D4,1005,20086,OK
1084142602,D4,1005,20086,OK
1084162602,D4,1005,20086,OK
1084182602,D4,1005,20086,OK
1084202602,D4,1004,20087,OK
1084222602,D4,1005,20085,OK
1084242602,D4,1005,20086,OK
1084262602,D4,1004,20087,OK
1084282602,D4,1004,20086,OK
1084302602,D4,1004,20086,OK
1084322602,D4,1004,20086,OK
1084343602,D4,1004,20086,OK
1084363602,D4,1004,20086,OK
1084383602,D4,1004,20086,OK
1084403602,D4,1004,20086,OK
1084423602,D4,1004,20086,OK
1084443602,D4,1004,20086,OK
1084463602,D4,1004,20086,OK
1084483602,D4,1004,20086,OK
1084503602,D4,1004,20086,OK
1084523602,D4,1004,20086,OK
1084543602,D4,1004,20086,OK
1084564602,D4,1007,20087,OK
1084584602,D4,1004,20085,OK
1084604602,D4,1004,20086,OK
1084624602,D4,1005,20086,OK
1084644602,D4,1005,20086,OK
1084664602,D4,1005,20086,OK
1084684602,D4,1005,20086,OK
1084704602,D4,1005,20086,OK
1084724602,D4,1005,20086,OK
1084744602,D4,1005,20086,OK
1084764602,D4,1005,20086,OK
1084784602,D4,1005,20086,OK
1084805602,D4,1005,20086,OK
1084825602,D4,1005,20086,OK
1084845602,D4,1005,20086,OK
1084865602,D4,1005,20086,OK
1084885602,D4,1005,20086,OK
1084905602,D4,1005,20086,OK
1084925602,D4,1005,20086,OK
1084945602,D4,1005,20086,OK
1084965602,D4,1005,20086,OK
1084985602,D4,1005,20086,OK
# diag,ms=1085000,channel=D4,pin=18,level=0
1085005602,D4,1005,20086,OK
1085025601,D4,1005,20086,OK
1085046602,D4,1005,20086,OK
1085066602,D4,1005,20086,OK
1085086602,D4,1004,20092,OK
1085106602,D4,1005,20086,OK
1085126602,D4,1005,20086,OK
1085146602,D4,1005,20086,OK
1085166602,D4,1005,20086,OK
1085186602,D4,1005,20086,OK
1085206602,D4,1005,20086,OK
1085226602,D4,1004,20087,OK
1085246602,D4,1005,20085,OK
1085267602,D4,1005,20086,OK
1085287602,D4,1005,20086,OK
1085307602,D4,1005,20086,OK
1085327602,D4,1005,20086,OK
1085347602,D4,1005,20086,OK
1085367602,D4,1005,20086,OK
1085387602,D4,1005,20086,OK
1085407602,D4,1005,20086,OK
1085427602,D4,1005,20086,OK
1085447602,D4,1005,20086,OK
1085467602,D4,1005,20086,OK
1085487602,D4,1005,20086,OK
1085508602,D4,1005,20086,OK
1085528602,D4,1005,20086,OK
1085548602,D4,1005,20086,OK
1085568602,D4,1005,20086,OK
1085588602,D4,1005,20086,OK
1085608602,D4,1005,20086,OK
1085628602,D4,1005,20086,OK
1085648602,D4,1005,20086,OK
1085668602,D4,1004,20087,OK
1085688602,D4,1005,20085,OK
1085708602,D4,1005,20086,OK
1085729602,D4,1007,20086,OK
1085749602,D4,1004,20087,OK
1085769602,D4,1004,20086,OK
1085789602,D4,1004,20086,OK
1085809602,D4,1004,20086,OK
1085829602,D4,1004,20086,OK
1085849602,D4,1004,20086,OK
1085869602,D4,1004,20086,OK
1085889602,D4,1004,20086,OK
1085909602,D4,1004,20086,OK
1085929602,D4,1004,20086,OK
1085949602,D4,1004,20086,OK
1085970602,D4,1004,20086,OK
1085990602,D4,1004,20086,OK
# diag,ms=1086000,channel=D4,pin=18,level=0
1086010602,D4,1004,20086,OK
1086030602,D4,1004,20086,OK
1086050602,D4,1004,20086,OK
1086070602,D4,1004,20086,OK
1086090602,D4,1005,20086,OK
1086110602,D4,1005,20086,OK
1086130602,D4,1005,20086,OK
1086150602,D4,1005,20086,OK
1086170602,D4,1005,20086,OK
1086190602,D4,1005,20086,OK
1086211602,D4,1005,20086,OK
1086231602,D4,1005,20086,OK
1086251602,D4,1005,20086,OK
1086271602,D4,1005,20086,OK
1086291602,D4,1005,20086,OK
1086311602,D4,1005,20086,OK
1086331602,D4,1005,20086,OK
1086351602,D4,1004,20092,OK
1086371602,D4,1005,20086,OK
1086391602,D4,1005,20086,OK
1086411602,D4,1005,20086,OK
1086432602,D4,1005,20086,OK
1086452602,D4,1005,20086,OK
1086472602,D4,1005,20086,OK
1086492602,D4,1005,20086,OK
1086512602,D4,1004,20087,OK
1086532602,D4,1004,20086,OK
1086552602,D4,1004,20086,OK
1086572602,D4,1004,20086,OK
1086592602,D4,1004,20086,OK
1086612602,D4,1004,20086,OK
1086632602,D4,1004,20086,OK
1086652602,D4,1004,20086,OK
1086673602,D4,1004,20086,OK
1086693602,D4,1004,20086,OK
1086713602,D4,1004,20086,OK
1086733602,D4,1004,20086,OK
1086753602,D4,1004,20086,OK
1086773602,D4,1004,20086,OK
1086793602,D4,1004,20086,OK
1086813602,D4,1005,20086,OK
1086833602,D4,1005,20086,OK
1086853602,D4,1005,20086,OK
1086873602,D4,1005,20086,OK
1086893607,D4,1005,20085,OK
1086914602,D4,1005,20087,OK
1086934602,D4,1005,20086,OK
1086954602,D4,1005,20086,OK
1086974602,D4,1005,20086,OK
1086994602,D4,1005,20086,OK
# diag,ms=1087000,channel=D4,pin=18,level=0
1087014602,D4,1005,20086,OK
1087034602,D4,1005,20086,OK
1087054602,D4,1005,20086,OK
1087074602,D4,1005,20086,OK
1087094602,D4,1005,20086,OK
1087114602,D4,1005,20086,OK
1087135602,D4,1005,20086,OK
1087155602,D4,1005,20086,OK
1087175602,D4,1005,20086,OK
1087195602,D4,1005,20086,OK
1087215602,D4,1005,20086,OK
1087235602,D4,1005,20086,OK
1087255602,D4,1005,20086,OK
1087275602,D4,1005,20086,OK
1087295602,D4,1005,20086,OK
1087315602,D4,1005,20086,OK
1087335602,D4,1005,20086,OK
1087355602,D4,1005,20086,OK
1087376602,D4,1004,20087,OK
1087396602,D4,1004,20086,OK
1087416602,D4,1004,20086,OK
1087436602,D4,1004,20086,OK
1087456602,D4,1004,20086,OK
1087476602,D4,1004,20086,OK
1087496602,D4,1004,20086,OK
1087516602,D4,1004,20086,OK
1087536602,D4,1004,20086,OK
1087556602,D4,1004,20086,OK
1087576602,D4,1004,20086,OK
1087597602,D4,1006,20087,OK
1087617602,D4,1004,20085,OK
1087637602,D4,1004,20086,OK
1087657602,D4,1004,20086,OK
1087677602,D4,1004,20086,OK
1087697602,D4,1004,20086,OK
1087717602,D4,1004,20086,OK
1087737602,D4,1004,20086,OK
1087757602,D4,1004,20086,OK
1087777602,D4,1004,20086,OK
1087797602,D4,1004,20086,OK
1087817602,D4,1004,20086,OK
1087838602,D4,1004,20086,OK
1087858602,D4,1005,20086,OK
1087878602,D4,1005,20086,OK
1087898602,D4,1005,20086,OK
1087918602,D4,1005,20086,OK
1087938602,D4,1005,20086,OK
1087958602,D4,1005,20086,OK
1087978602,D4,1004,20087,OK
1087998602,D4,1005,20086,OK
# diag,ms=1088000,channel=D4,pin=18,level=0
1088018602,D4,1005,20086,OK
1088038602,D4,1005,20086,OK
1088058603,D4,1005,20086,OK
1088079602,D4,1005,20086,OK
1088099602,D4,1005,20086,OK
1088119602,D4,1005,20086,OK
1088139602,D4,1005,20086,OK
1088159602,D4,1005,20086,OK
1088179602,D4,1005,20086,OK
1088199602,D4,1005,20086,OK
1088219602,D4,1004,20087,OK
1088239602,D4,1004,20086,OK
1088259602,D4,1005,20086,OK
1088279602,D4,1004,20086,OK
1088300602,D4,1004,20086,OK
1088320602,D4,1004,20086,OK
1088340602,D4,1004,20086,OK
1088360602,D4,1004,20086,OK
1088380602,D4,1004,20086,OK
1088400602,D4,1004,20086,OK
1088420602,D4,1005,20086,OK
1088440602,D4,1005,20086,OK
1088460602,D4,1005,20086,OK
1088480602,D4,1005,20086,OK
1088500602,D4,1005,20086,OK
1088520602,D4,1005,20086,OK
1088541602,D4,1005,20086,OK
1088561602,D4,1005,20086,OK
1088581602,D4,1005,20086,OK
1088601602,D4,1005,20086,OK
1088621602,D4,1011,20086,OK
1088641602,D4,1005,20086,OK
1088661602,D4,1005,20086,OK
1088681602,D4,1005,20086,OK
1088701602,D4,1005,20086,OK
1088721602,D4,1005,20086,OK
1088741602,D4,1005,20086,OK
1088762602,D4,1002,20089,OK
1088782602,D4,1005,20083,OK
1088802602,D4,1005,20086,OK
1088822602,D4,1005,20086,OK
1088842602,D4,1005,20086,OK
1088862602,D4,1005,20086,OK
1088882602,D4,1005,20086,OK
1088902602,D4,1005,20086,OK
1088922602,D4,1005,20086,OK
1088942602,D4,1005,20086,OK
1088962602,D4,1004,20087,OK
1088982602,D4,1005,20085,OK
# diag,ms=1089000,channel=D4,pin=18,level=0
1089003602,D4,1005,20086,OK
1089023602,D4,1005,20086,OK
1089043602,D4,1005,20086,OK
1089063602,D4,1005,20086,OK
1089083602,D4,1005,20086,OK
1089103602,D4,1005,20086,OK
1089123602,D4,1005,20086,OK
1089143602,D4,1005,20086,OK
1089163602,D4,1005,20086,OK
1089183602,D4,1005,20086,OK
1089203602,D4,1005,20086,OK
1089223602,D4,1005,20086,OK
1089244602,D4,1005,20086,OK
1089264602,D4,1004,20087,OK
1089284602,D4,1004,20086,OK
1089304602,D4,1004,20086,OK
1089324602,D4,1004,20086,OK
1089344602,D4,1004,20086,OK
1089364602,D4,1004,20086,OK
1089384602,D4,1004,20086,OK
1089404602,D4,1004,20086,OK
1089424602,D4,1004,20086,OK
1089444602,D4,1004,20086,OK
1089465602,D4,1006,20086,OK
1089485602,D4,1004,20086,OK
1089505602,D4,1004,20086,OK
1089525602,D4,1004,20086,OK
1089545602,D4,1004,20086,OK
1089565602,D4,1004,20086,OK
1089585602,D4,1004,20086,OK
1089605602,D4,1004,20086,OK
1089625602,D4,1004,20086,OK
1089645602,D4,1004,20086,OK
1089665602,D4,1004,20086,OK
1089685602,D4,1004,20086,OK
1089706602,D4,1005,20086,OK
1089726602,D4,1004,20086,OK
1089746602,D4,1005,20086,OK
1089766602,D4,1005,20086,OK
1089786602,D4,1005,20086,OK
1089806602,D4,1005,20086,OK
1089826602,D4,1005,20086,OK
1089846602,D4,1005,20086,OK
1089866602,D4,1005,20086,OK
1089886602,D4,1005,20086,OK
1089906602,D4,1005,20086,OK
1089926603,D4,1005,20086,OK
1089947602,D4,1005,20086,OK
1089967602,D4,1005,20086,OK
1089987602,D4,1005,20086,OK
# diag,ms=1090000,channel=D4,pin=18,level=0
1090007602,D4,1005,20086,OK
1090027602,D4,1005,20086,OK
1090047602,D4,1005,20086,OK
1090067602,D4,1005,20086,OK
1090087602,D4,1005,20086,OK
1090107602,D4,1005,20086,OK
1090127602,D4,1005,20086,OK
1090147602,D4,1005,20086,OK
1090168602,D4,1005,20086,OK
1090188602,D4,1005,20086,OK
1090208602,D4,1005,20086,OK
1090228602,D4,1005,20086,OK
1090248602,D4,1005,20086,OK
1090268602,D4,1005,20086,OK
1090288602,D4,1005,20086,OK
1090308602,D4,1005,20086,OK
1090328602,D4,1005,20086,OK
1090348602,D4,1005,20086,OK
1090368602,D4,1005,20086,OK
1090388602,D4,1005,20086,OK
1090409602,D4,1005,20086,OK
1090429602,D4,1005,20086,OK
1090449602,D4,1004,20087,OK
1090469602,D4,1005,20085,OK
1090489602,D4,1005,20086,OK
1090509602,D4,1004,20087,OK
1090529602,D4,1004,20086,OK
1090549602,D4,1004,20086,OK
1090569602,D4,1004,20086,OK
1090589602,D4,1004,20086,OK
1090609602,D4,1004,20086,OK
1090630602,D4,1002,20089,OK
1090650602,D4,1004,20083,OK
1090670602,D4,1004,20086,OK
1090690602,D4,1004,20086,OK
1090710602,D4,1004,20086,OK
1090730602,D4,1004,20086,OK
1090750602,D4,1004,20086,OK
1090770602,D4,1004,20086,OK
1090790602,D4,1004,20086,OK
1090810602,D4,1004,20086,OK
1090830602,D4,1005,20086,OK
1090850602,D4,1004,20086,OK
1090871602,D4,1004,20086,OK
1090891602,D4,1004,20086,OK
1090911602,D4,1004,20086,OK
1090931602,D4,1004,20086,OK
1090951602,D4,1005,20086,OK
1090971602,D4,1005,20086,OK
1090991602,D4,1005,20086,OK
# diag,ms=1091000,channel=D4,pin=18,level=0
1091011602,D4,1005,20086,OK
1091031602,D4,1005,20086,OK
1091051602,D4,1005,20086,OK
1091071602,D4,1004,20087,OK
1091091602,D4,1005,20085,OK
1091112602,D4,1005,20086,OK
1091132602,D4,1004,20087,OK
1091152602,D4,1004,20086,OK
1091172602,D4,1004,20086,OK
1091192602,D4,1004,20086,OK
1091212602,D4,1004,20086,OK
1091232602,D4,1004,20086,OK
1091252602,D4,1004,20086,OK
1091272602,D4,1004,20086,OK
1091292602,D4,1004,20086,OK
1091312602,D4,1004,20086,OK
1091333602,D4,1006,20086,OK
1091353602,D4,1004,20086,OK
1091373602,D4,1004,20086,OK
1091393602,D4,1004,20086,OK
1091413602,D4,1004,20086,OK
1091433602,D4,1004,20086,OK
1091453602,D4,1004,20086,OK
1091473602,D4,1004,20086,OK
1091493602,D4,1004,20086,OK
1091513602,D4,1004,20086,OK
1091533602,D4,1004,20086,OK
1091553602,D4,1004,20086,OK
1091574602,D4,1004,20086,OK
1091594602,D4,1004,20086,OK
1091614602,D4,1005,20086,OK
1091634602,D4,1005,20086,OK
1091654602,D4,1005,20086,OK
1091674602,D4,1005,20086,OK
1091694602,D4,1005,20086,OK
1091714602,D4,1005,20086,OK
1091734602,D4,1005,20086,OK
1091754602,D4,1005,20086,OK
1091774602,D4,1005,20086,OK
1091794603,D4,1005,20086,OK
1091815602,D4,1005,20086,OK
1091835602,D4,1005,20086,OK
1091855602,D4,1005,20086,OK
1091875602,D4,1005,20086,OK
1091895602,D4,1005,20086,OK
1091915602,D4,1005,20086,OK
1091935602,D4,1005,20086,OK
1091955602,D4,1005,20086,OK
1091975602,D4,1005,20086,OK
1091995602,D4,1005,20086,OK
# diag,ms=1092000,channel=D4,pin=18,level=0
1092015602,D4,1005,20086,OK
1092036602,D4,1005,20086,OK
1092056602,D4,1005,20086,OK
1092076602,D4,1005,20086,OK
1092096602,D4,1005,20086,OK
1092116602,D4,1005,20086,OK
1092136602,D4,1005,20086,OK
1092156602,D4,1005,20086,OK
1092176602,D4,1005,20086,OK
1092196602,D4,1005,20086,OK
1092216602,D4,1005,20086,OK
1092236602,D4,1005,20086,OK
1092256602,D4,1005,20086,OK
1092277602,D4,1005,20086,OK
1092297602,D4,1005,20086,OK
1092317602,D4,1005,20086,OK
1092337602,D4,1005,20086,OK
1092357602,D4,1005,20086,OK
1092377602,D4,1005,20086,OK
1092397602,D4,1004,20087,OK
1092417602,D4,1005,20085,OK
1092437602,D4,1005,20086,OK
1092457602,D4,1004,20087,OK
1092477602,D4,1004,20086,OK
1092498602,D4,1002,20089,OK
1092518602,D4,1004,20083,OK
1092538602,D4,1004,20086,OK
1092558602,D4,1004,20086,OK
1092578602,D4,1004,20086,OK
1092598602,D4,1004,20086,OK
1092618602,D4,1004,20086,OK
1092638602,D4,1004,20086,OK
1092658602,D4,1004,20086,OK
1092678602,D4,1004,20086,OK
1092698602,D4,1004,20086,OK
1092718602,D4,1004,20086,OK
1092739602,D4,1004,20086,OK
1092759602,D4,1004,20086,OK
1092779602,D4,1004,20086,OK
1092799602,D4,1004,20086,OK
1092819602,D4,1004,20086,OK
1092839602,D4,1005,20086,OK
1092859602,D4,1005,20086,OK
1092879602,D4,1005,20086,OK
1092899602,D4,1005,20091,OK
1092919602,D4,1005,20086,OK
1092939602,D4,1005,20086,OK
1092959602,D4,1005,20086,OK
1092980602,D4,1005,20086,OK
1093000602,D4,1005,20086,OK
# diag,ms=1093000,channel=D4,pin=18,level=0
1093020602,D4,1005,20086,OK
1093040602,D4,1005,20086,OK
1093060602,D4,1005,20086,OK
1093080602,D4,1005,20086,OK
1093100602,D4,1005,20086,OK
1093120602,D4,1005,20086,OK
1093140602,D4,1005,20086,OK
1093160602,D4,1005,20086,OK
1093180602,D4,1005,20086,OK
1093201602,D4,1004,20088,OK
1093221602,D4,1005,20084,OK
1093241602,D4,1005,20086,OK
1093261602,D4,1005,20086,OK
1093281602,D4,1005,20086,OK
1093301602,D4,1005,20086,OK
1093321602,D4,1005,20086,OK
1093341602,D4,1005,20086,OK
1093361602,D4,1005,20086,OK
1093381602,D4,1005,20086,OK
1093401602,D4,1005,20086,OK
1093421602,D4,1005,20086,OK
1093442602,D4,1005,20086,OK
1093462602,D4,1005,20086,OK
1093482602,D4,1005,20086,OK
1093502602,D4,1005,20086,OK
1093522602,D4,1005,20086,OK
1093542602,D4,1005,20086,OK
1093562602,D4,1004,20087,OK
1093582602,D4,1004,20086,OK
1093602602,D4,1004,20086,OK
1093622602,D4,1004,20086,OK
1093642602,D4,1004,20086,OK
1093662607,D4,1005,20090,OK
1093683602,D4,1004,20087,OK
1093703602,D4,1004,20086,OK
1093723602,D4,1004,20086,OK
1093743602,D4,1004,20086,OK
1093763602,D4,1004,20091,OK
1093783602,D4,1005,20086,OK
1093803602,D4,1005,20086,OK
1093823602,D4,1005,20086,OK
1093843602,D4,1005,20086,OK
1093863602,D4,1005,20086,OK
1093883602,D4,1005,20086,OK
1093904602,D4,1005,20086,OK
1093924602,D4,1005,20086,OK
1093944602,D4,1005,20086,OK
1093964602,D4,1005,20086,OK
1093984602,D4,1005,20086,OK
# diag,ms=1094000,channel=D4,pin=18,level=0
1094004602,D4,1005,20086,OK
1094024602,D4,1005,20086,OK
1094044602,D4,1005,20086,OK
1094064602,D4,1004,20087,OK
1094084602,D4,1004,20086,OK
1094104602,D4,1004,20086,OK
1094124602,D4,1004,20086,OK
1094145602,D4,1004,20086,OK
1094165602,D4,1004,20086,OK
1094185602,D4,1004,20086,OK
1094205602,D4,1004,20086,OK
1094225602,D4,1004,20086,OK
1094245602,D4,1004,20086,OK
1094265602,D4,1004,20086,OK
1094285602,D4,1004,20086,OK
1094305602,D4,1004,20086,OK
1094325602,D4,1004,20086,OK
1094345602,D4,1004,20086,OK
1094366602,D4,1002,20088,OK
1094386602,D4,1005,20084,OK
1094406602,D4,1005,20086,OK
1094426602,D4,1005,20086,OK
1094446602,D4,1005,20086,OK
1094466602,D4,1005,20086,OK
1094486602,D4,1005,20086,OK
1094506602,D4,1005,20086,OK
1094526602,D4,1005,20086,OK
1094546602,D4,1005,20086,OK
1094566602,D4,1005,20086,OK
1094586602,D4,1005,20086,OK
1094607602,D4,1005,20086,OK
1094627602,D4,1005,20086,OK
1094647602,D4,1005,20086,OK
1094667602,D4,1005,20093,OK
1094687602,D4,1005,20086,OK
1094707602,D4,1005,20086,OK
1094727602,D4,1005,20086,OK
1094747602,D4,1005,20086,OK
1094767602,D4,1005,20086,OK
1094787602,D4,1005,20086,OK
1094807602,D4,1005,20086,OK
1094828602,D4,1002,20089,OK
1094848602,D4,1005,20083,OK
1094868602,D4,1005,20086,OK
1094888602,D4,1005,20086,OK
1094908602,D4,1005,20086,OK
1094928602,D4,1008,20086,OK
1094948602,D4,1005,20086,OK
1094968602,D4,1004,20087,OK
1094988602,D4,1005,20085,OK
# diag,ms=1095000,channel=D4,pin=18,level=0
1095008602,D4,1004,20087,OK
1095028602,D4,1004,20086,OK
1095048602,D4,1004,20086,OK
1095069602,D4,1004,20086,OK
1095089602,D4,1004,20086,OK
1095109602,D4,1004,20086,OK
1095129602,D4,1004,20086,OK
1095149602,D4,1004,20086,OK
1095169602,D4,1004,20086,OK
1095189602,D4,1004,20086,OK
1095209602,D4,1004,20086,OK
1095229602,D4,1004,20086,OK
1095249602,D4,1004,20086,OK
1095269602,D4,1004,20086,OK
1095289602,D4,1004,20086,OK
1095310602,D4,1004,20086,OK
1095330602,D4,1004,20086,OK
1095350602,D4,1004,20086,OK
1095370602,D4,1004,20086,OK
1095390602,D4,1004,20086,OK
1095410602,D4,1004,20086,OK
1095430602,D4,1004,20086,OK
1095450602,D4,1005,20086,OK
1095470602,D4,1005,20086,OK
1095490602,D4,1005,20086,OK
1095510602,D4,1005,20086,OK
1095531602,D4,1006,20086,OK
1095551602,D4,1005,20086,OK
1095571602,D4,1005,20086,OK
1095591602,D4,1005,20086,OK
1095611602,D4,1005,20086,OK
1095631602,D4,1005,20086,OK
1095651602,D4,1005,20086,OK
1095671602,D4,1010,20086,OK
1095691602,D4,1005,20086,OK
1095711602,D4,1005,20086,OK
1095731602,D4,1005,20086,OK
1095751602,D4,1005,20086,OK
1095772602,D4,1005,20086,OK
1095792602,D4,1005,20086,OK
1095812602,D4,1005,20086,OK
1095832602,D4,1005,20086,OK
1095852602,D4,1005,20086,OK
1095872602,D4,1005,20086,OK
1095892602,D4,1005,20086,OK
1095912602,D4,1005,20086,OK
1095932602,D4,1006,20086,OK
1095952602,D4,1005,20086,OK
1095972602,D4,1005,20086,OK
1095992604,D4,1004,20087,OK
# diag,ms=1096000,channel=D4,pin=18,level=0
1096013602,D4,1005,20085,OK
1096033602,D4,1005,20086,OK
1096053602,D4,1004,20087,OK
1096073602,D4,1004,20086,OK
1096093602,D4,1004,20086,OK
1096113602,D4,1004,20086,OK
1096133602,D4,1004,20086,OK
1096153602,D4,1004,20086,OK
1096173602,D4,1006,20086,OK
1096193602,D4,1005,20086,OK
1096213602,D4,1004,20086,OK
1096234602,D4,1004,20086,OK
1096254602,D4,1004,20086,OK
1096274602,D4,1004,20086,OK
1096294602,D4,1004,20086,OK
1096314602,D4,1004,20086,OK
1096334602,D4,1004,20086,OK
1096354602,D4,1004,20086,OK
1096374602,D4,1005,20086,OK
1096394602,D4,1005,20086,OK
1096414602,D4,1005,20086,OK
1096434602,D4,1004,20087,OK
1096454602,D4,1005,20086,OK
1096475602,D4,1005,20086,OK
1096495602,D4,1005,20086,OK
1096515602,D4,1005,20086,OK
1096535602,D4,1005,20086,OK
1096555602,D4,1005,20086,OK
1096575602,D4,1005,20086,OK
1096595602,D4,1005,20086,OK
1096615602,D4,1005,20086,OK
1096635602,D4,1005,20086,OK
1096655602,D4,1005,20086,OK
1096675602,D4,1005,20086,OK
1096696602,D4,1003,20088,OK
1096716602,D4,1005,20084,OK
1096736602,D4,1005,20086,OK
1096756602,D4,1005,20086,OK
1096776602,D4,1005,20086,OK
1096796602,D4,1005,20086,OK
1096816602,D4,1005,20086,OK
1096836602,D4,1005,20086,OK
1096856602,D4,1005,20086,OK
1096876602,D4,1005,20086,OK
1096896602,D4,1004,20087,OK
1096916602,D4,1005,20085,OK
1096937602,D4,1005,20086,OK
1096957602,D4,1004,20087,OK
1096977602,D4,1005,20085,OK
1096997602,D4,1005,20086,OK
# diag,ms=1097000,channel=D4,pin=18,level=0
1097017602,D4,1004,20087,OK
1097037602,D4,1004,20086,OK
1097057602,D4,1004,20086,OK
1097077602,D4,1004,20086,OK
1097097602,D4,1004,20086,OK
1097117602,D4,1004,20086,OK
1097137602,D4,1004,20086,OK
1097157602,D4,1004,20086,OK
1097178602,D4,1004,20086,OK
1097198602,D4,1004,20086,OK
1097218602,D4,1004,20086,OK
1097238602,D4,1004,20086,OK
1097258602,D4,1004,20086,OK
1097278602,D4,1004,20086,OK
1097298602,D4,1004,20086,OK
1097318602,D4,1004,20086,OK
1097338602,D4,1004,20086,OK
1097358602,D4,1005,20086,OK
1097378602,D4,1005,20086,OK
1097399602,D4,1005,20086,OK
1097419602,D4,1005,20086,OK
1097439602,D4,1005,20086,OK
1097459602,D4,1005,20086,OK
1097479602,D4,1005,20086,OK
1097499602,D4,1005,20086,OK
1097519602,D4,1005,20086,OK
1097539602,D4,1005,20086,OK
1097559602,D4,1005,20086,OK
1097579602,D4,1005,20086,OK
1097599602,D4,1005,20086,OK
1097619602,D4,1005,20086,OK
1097640602,D4,1005,20086,OK
1097660602,D4,1005,20086,OK
1097680602,D4,1005,20086,OK
1097700602,D4,1005,20086,OK
1097720602,D4,1005,20086,OK
1097740602,D4,1005,20086,OK
1097760602,D4,1005,20086,OK
1097780602,D4,1005,20086,OK
1097800602,D4,1005,20086,OK
1097820602,D4,1005,20086,OK
1097840602,D4,1005,20086,OK
1097860604,D4,1007,20086,OK
1097881602,D4,1005,20086,OK
1097901602,D4,1005,20086,OK
1097921602,D4,1005,20086,OK
1097941602,D4,1004,20087,OK
1097961602,D4,1005,20085,OK
1097981602,D4,1005,20086,OK
# diag,ms=1098000,channel=D4,pin=18,level=1
1098001602,D4,1004,20087,OK
1098021602,D4,1004,20086,OK
1098041602,D4,1004,20086,OK
1098061602,D4,1005,20086,OK
1098081602,D4,1004,20086,OK
1098102602,D4,1004,20086,OK
1098122602,D4,1004,20086,OK
1098142602,D4,1004,20086,OK
1098162602,D4,1004,20086,OK
1098182602,D4,1004,20086,OK
1098202602,D4,1004,20086,OK
1098222602,D4,1004,20086,OK
1098242602,D4,1004,20086,OK
1098262602,D4,1004,20086,OK
1098282602,D4,1004,20086,OK
1098302602,D4,1004,20086,OK
1098322602,D4,1004,20086,OK
1098343602,D4,1005,20086,OK
1098363602,D4,1005,20086,OK
1098383602,D4,1005,20086,OK
1098403602,D4,1005,20086,OK
1098423602,D4,1005,20086,OK
1098443602,D4,1005,20086,OK
1098463602,D4,1005,20086,OK
1098483602,D4,1005,20086,OK
1098503602,D4,1005,20086,OK
1098523602,D4,1005,20086,OK
1098543602,D4,1005,20086,OK
1098564602,D4,1003,20088,OK
1098584602,D4,1005,20084,OK
1098604602,D4,1005,20086,OK
1098624602,D4,1005,20086,OK
1098644602,D4,1005,20086,OK
1098664602,D4,1005,20086,OK
1098684602,D4,1005,20086,OK
1098704602,D4,1012,20086,OK
1098724602,D4,1005,20086,OK
1098744602,D4,1005,20086,OK
1098764602,D4,1004,20087,OK
1098784602,D4,1005,20085,OK
1098805602,D4,1005,20086,OK
1098825602,D4,1005,20086,OK
1098845602,D4,1005,20086,OK
1098865602,D4,1005,20086,OK
1098885602,D4,1005,20086,OK
1098905602,D4,1005,20086,OK
1098925602,D4,1005,20086,OK
1098945602,D4,1004,20087,OK
1098965602,D4,1004,20086,OK
1098985602,D4,1004,20086,OK
# diag,ms=1099000,channel=D4,pin=18,level=0
1099005602,D4,1004,20086,OK
1099025602,D4,1004,20086,OK
1099046602,D4,1004,20086,OK
1099066602,D4,1004,20086,OK
1099086602,D4,1004,20086,OK
1099106602,D4,1004,20086,OK
1099126602,D4,1004,20086,OK
1099146602,D4,1004,20086,OK
1099166602,D4,1004,20086,OK
1099186602,D4,1004,20086,OK
1099206602,D4,1004,20086,OK
1099226602,D4,1004,20086,OK
1099246602,D4,1004,20086,OK
1099267602,D4,1006,20085,OK
1099287602,D4,1004,20087,OK
1099307602,D4,1004,20086,OK
1099327602,D4,1004,20086,OK
1099347602,D4,1004,20086,OK
1099367602,D4,1005,20086,OK
1099387602,D4,1005,20086,OK
1099407602,D4,1005,20086,OK
1099427602,D4,1005,20086,OK
1099447602,D4,1005,20086,OK
1099467602,D4,1005,20086,OK
1099487602,D4,1005,20086,OK
1099508602,D4,1005,20086,OK
1099528602,D4,1005,20086,OK
1099548602,D4,1005,20086,OK
1099568602,D4,1005,20086,OK
1099588602,D4,1005,20086,OK
1099608602,D4,1005,20086,OK
1099628602,D4,1005,20086,OK
1099648602,D4,1005,20086,OK
1099668602,D4,1005,20086,OK
1099688602,D4,1005,20086,OK
1099708602,D4,1005,20086,OK
1099728604,D4,1007,20086,OK
1099749602,D4,1005,20086,OK
1099769602,D4,1005,20086,OK
1099789602,D4,1005,20086,OK
1099809602,D4,1005,20086,OK
1099829602,D4,1005,20086,OK
1099849602,D4,1005,20086,OK
1099869602,D4,1005,20086,OK
1099889602,D4,1005,20086,OK
1099909602,D4,1005,20086,OK
1099929602,D4,1005,20086,OK
1099949602,D4,1005,20086,OK
1099970602,D4,1004,20087,OK
1099990602,D4,1004,20086,OK
# diag,ms=1100000,channel=D4,pin=18,level=0
1100010602,D4,1004,20086,OK
1100030602,D4,1004,20086,OK
1100050602,D4,1004,20086,OK
1100070602,D4,1004,20086,OK
1100090602,D4,1004,20086,OK
1100110602,D4,1004,20086,OK
1100130602,D4,1004,20086,OK
1100150602,D4,1004,20086,OK
1100170602,D4,1004,20086,OK
1100190602,D4,1004,20086,OK
1100211602,D4,1004,20086,OK
1100231602,D4,1004,20086,OK
1100251602,D4,1004,20086,OK
1100271602,D4,1004,20086,OK
1100291602,D4,1004,20086,OK
1100311602,D4,1004,20086,OK
1100331602,D4,1004,20086,OK
1100351602,D4,1005,20086,OK
1100371602,D4,1005,20086,OK
1100391602,D4,1005,20086,OK
1100411602,D4,1005,20086,OK
1100432602,D4,1003,20088,OK
1100452602,D4,1005,20084,OK
1100472602,D4,1005,20086,OK
1100492602,D4,1005,20086,OK
1100512602,D4,1005,20086,OK
1100532602,D4,1005,20086,OK
1100552602,D4,1005,20086,OK
1100572602,D4,1005,20086,OK
1100592602,D4,1005,20086,OK
1100612602,D4,1005,20086,OK
1100632602,D4,1004,20087,OK
1100652602,D4,1005,20085,OK
1100673602,D4,1005,20086,OK
1100693602,D4,1005,20086,OK
1100713602,D4,1004,20087,OK
1100733602,D4,1004,20086,OK
1100753602,D4,1004,20086,OK
1100773602,D4,1004,20086,OK
1100793602,D4,1004,20086,OK
1100813602,D4,1005,20086,OK
1100833602,D4,1005,20086,OK
1100853602,D4,1005,20086,OK
1100873602,D4,1005,20086,OK
1100893602,D4,1005,20086,OK
1100914602,D4,1005,20086,OK
1100934602,D4,1005,20086,OK
1100954602,D4,1005,20086,OK
1100974602,D4,1005,20086,OK
1100994602,D4,1004,20087,OK
# diag,ms=1101000,channel=D4,pin=18,level=0
1101014602,D4,1004,20086,OK
1101034602,D4,1004,20086,OK
1101054602,D4,1004,20086,OK
1101074602,D4,1004,20086,OK
1101094602,D4,1004,20086,OK
1101114602,D4,1005,20086,OK
1101135602,D4,1005,20085,OK
1101155602,D4,1005,20087,OK
1101175602,D4,1005,20086,OK
1101195602,D4,1005,20086,OK
1101215602,D4,1005,20086,OK
1101235602,D4,1005,20086,OK
1101255602,D4,1004,20087,OK
1101275602,D4,1004,20086,OK
1101295602,D4,1004,20086,OK
1101315602,D4,1004,20086,OK
1101335602,D4,1004,20086,OK
1101355602,D4,1004,20086,OK
1101376602,D4,1005,20086,OK
1101396602,D4,1005,20086,OK
1101416602,D4,1005,20086,OK
1101436602,D4,1005,20086,OK
1101456602,D4,1005,20086,OK
1101476602,D4,1005,20086,OK
1101496602,D4,1005,20086,OK
1101516602,D4,1005,20086,OK
1101536602,D4,1004,20087,OK
1101556602,D4,1004,20086,OK
1101576602,D4,1005,20086,OK
1101596605,D4,1005,20086,OK
1101617602,D4,1005,20086,OK
1101637602,D4,1005,20086,OK
1101657602,D4,1005,20086,OK
1101677602,D4,1005,20086,OK
1101697602,D4,1005,20086,OK
1101717602,D4,1005,20086,OK
1101737602,D4,1005,20086,OK
1101757602,D4,1005,20086,OK
1101777602,D4,1005,20086,OK
1101797602,D4,1004,20087,OK
1101817602,D4,1004,20086,OK
1101838602,D4,1004,20086,OK
1101858602,D4,1004,20086,OK
1101878602,D4,1004,20086,OK
1101898602,D4,1005,20086,OK
1101918602,D4,1005,20086,OK
1101938602,D4,1005,20086,OK
1101958602,D4,1005,20086,OK
1101978602,D4,1005,20086,OK
1101998602,D4,1005,20086,OK
# diag,ms=1102000,channel=D4,pin=18,level=0
1102018602,D4,1005,20086,OK
1102038602,D4,1005,20086,OK
1102058602,D4,1005,20086,OK
1102079602,D4,1005,20086,OK
1102099602,D4,1005,20086,OK
1102119602,D4,1005,20086,OK
1102139602,D4,1005,20086,OK
1102159602,D4,1004,20087,OK
1102179602,D4,1005,20086,OK
1102199602,D4,1005,20086,OK
1102219602,D4,1005,20086,OK
1102239602,D4,1005,20086,OK
1102259602,D4,1005,20086,OK
1102279602,D4,1005,20086,OK
1102298602,D4,0,4294967294,TIMEOUT
1102300602,D4,1006,20086,OK
1102320602,D4,1005,20086,OK
1102340602,D4,1005,20086,OK
1102360602,D4,1005,20086,OK
1102380602,D4,1004,20087,OK
1102400602,D4,1004,20086,OK
1102420602,D4,1004,20086,OK
1102440602,D4,1005,20086,OK
1102460602,D4,1005,20086,OK
1102480602,D4,1005,20086,OK
1102500602,D4,1005,20086,OK
1102520602,D4,1005,20086,OK
1102541602,D4,1005,20086,OK
1102561602,D4,1004,20087,OK
1102581602,D4,1004,20086,OK
1102601602,D4,1004,20086,OK
1102621602,D4,1004,20086,OK
1102641602,D4,1004,20086,OK
1102661602,D4,1004,20086,OK
1102681602,D4,1004,20086,OK
1102701602,D4,1005,20086,OK
1102721602,D4,1005,20086,OK
1102741602,D4,1005,20086,OK
1102761602,D4,1005,20086,OK
1102782602,D4,1005,20086,OK
1102802602,D4,1005,20086,OK
1102822602,D4,1005,20086,OK
1102842602,D4,1005,20086,OK
1102862602,D4,1005,20086,OK
1102882602,D4,1005,20086,OK
1102902602,D4,1005,20086,OK
1102922602,D4,1005,20086,OK
1102942602,D4,1005,20086,OK
1102962602,D4,1005,20086,OK
1102982602,D4,1005,20086,OK
# diag,ms=1103000,channel=D4,pin=18,level=0
1103003602,D4,1005,20086,OK
1103023602,D4,1005,20086,OK
1103043602,D4,1005,20086,OK
1103063602,D4,1005,20086,OK
1103083602,D4,1005,20086,OK
1103103602,D4,1005,20086,OK
1103123602,D4,1005,20086,OK
1103143602,D4,1005,20086,OK
1103163602,D4,1005,20086,OK
1103183602,D4,1005,20086,OK
1103203602,D4,1005,20086,OK
1103223602,D4,1004,20087,OK
1103244602,D4,1004,20086,OK
1103264602,D4,1004,20086,OK
1103284602,D4,1004,20086,OK
1103304602,D4,1004,20086,OK
1103324602,D4,1004,20086,OK
1103344602,D4,1004,20086,OK
1103364602,D4,1004,20086,OK
1103384602,D4,1004,20086,OK
1103404602,D4,1004,20086,OK
1103424602,D4,1004,20086,OK
1103444602,D4,1004,20086,OK
1103464607,D4,1005,20088,OK
1103485602,D4,1004,20084,OK
1103505602,D4,1004,20086,OK
1103525602,D4,1004,20086,OK
1103545602,D4,1004,20086,OK
1103565602,D4,1004,20086,OK
1103585602,D4,1004,20086,OK
1103605602,D4,1004,20091,OK
1103625602,D4,1005,20086,OK
1103645602,D4,1005,20086,OK
1103665602,D4,1005,20086,OK
1103685602,D4,1005,20086,OK
1103706602,D4,1005,20086,OK
1103726602,D4,1005,20086,OK
1103746602,D4,1005,20086,OK
1103766602,D4,1005,20086,OK
1103786602,D4,1005,20086,OK
1103806602,D4,1005,20086,OK
1103826602,D4,1005,20086,OK
1103846602,D4,1005,20086,OK
1103866602,D4,1005,20086,OK
1103886602,D4,1005,20086,OK
1103906602,D4,1005,20086,OK
1103926602,D4,1005,20086,OK
1103947602,D4,1005,20086,OK
1103967602,D4,1005,20086,OK
1103987602,D4,1004,20090,OK
# diag,ms=1104000,channel=D4,pin=18,level=0
1104007602,D4,1005,20086,OK
1104027602,D4,1005,20086,OK
1104047602,D4,1005,20086,OK
1104067602,D4,1005,20086,OK
1104087602,D4,1005,20086,OK
1104107602,D4,1005,20086,OK
1104127602,D4,1005,20086,OK
1104147602,D4,1004,20087,OK
1104168602,D4,1003,20087,OK
1104188602,D4,1004,20085,OK
1104208602,D4,1004,20086,OK
1104228602,D4,1004,20086,OK
1104248602,D4,1004,20086,OK
1104268602,D4,1004,20086,OK
1104288602,D4,1004,20086,OK
