302527598,D4,1520,14000,OK
302541598,D4,1520,14000,OK
302555598,D4,1520,14003,OK
302569598,D4,1520,13999,OK
302583598,D4,1521,13999,OK
302597598,D4,1520,14006,OK
302611598,D4,1520,13997,OK
302625598,D4,1520,13999,OK
302639598,D4,1520,14004,OK
302653598,D4,1521,14000,OK
302667598,D4,1521,13998,OK
302681598,D4,1521,13999,OK
302695598,D4,1521,14004,OK
302709598,D4,1520,14001,OK
302723598,D4,1521,13997,OK
302737598,D4,1520,14005,OK
302751598,D4,1520,13999,OK
302765598,D4,1520,14000,OK
302779598,D4,1521,14003,OK
302793598,D4,1520,13999,OK
302807598,D4,1520,14000,OK
302821598,D4,1521,13999,OK
302835598,D4,1520,14003,OK
302849598,D4,1521,13999,OK
302863598,D4,1520,14000,OK
302877598,D4,1521,14004,OK
302891598,D4,1521,13998,OK
302905598,D4,1521,13999,OK
302919598,D4,1521,13999,OK
302933598,D4,1520,14006,OK
302947598,D4,1521,13998,OK
302961598,D4,1520,13999,OK
302975598,D4,1520,14004,OK
302989598,D4,1520,14001,OK
# diag,ms=303000,channel=D4,pin=18,level=0
303003598,D4,1520,13997,OK
303017598,D4,1520,14004,OK
303031598,D4,1520,13999,OK
303045598,D4,1521,14000,OK
303059598,D4,1521,13998,OK
303073598,D4,1521,14004,OK
303087598,D4,1521,13999,OK
303101598,D4,1520,14001,OK
303115598,D4,1521,14002,OK
303129598,D4,1521,13999,OK
303143598,D4,1520,14000,OK
303157598,D4,1520,14000,OK
303171598,D4,1520,14003,OK
303185598,D4,1520,13999,OK
303199598,D4,1520,13999,OK
303213598,D4,1521,14005,OK
303227598,D4,1520,13998,OK
303241598,D4,1520,13999,OK
303255598,D4,1520,14000,OK
303269598,D4,1521,14004,OK
303283598,D4,1521,13998,OK
303297598,D4,1521,13999,OK
303311598,D4,1521,14004,OK
303325598,D4,1521,14001,OK
303339598,D4,1520,13998,OK
303353598,D4,1520,14004,OK
303367598,D4,1520,13999,OK
303381598,D4,1520,14001,OK
303395598,D4,1521,13997,OK
303409598,D4,1521,14004,OK
303423598,D4,1521,13999,OK
303437598,D4,1521,14000,OK
303451598,D4,1521,14003,OK
303465598,D4,1520,14000,OK
303479598,D4,1521,13999,OK
303493598,D4,1520,14000,OK
303507598,D4,1521,14002,OK
303521598,D4,1521,13999,OK
303535598,D4,1521,14000,OK
303549598,D4,1520,14005,OK
303563598,D4,1520,13998,OK
303577598,D4,1520,13999,OK
303591598,D4,1520,13999,OK
303605598,D4,1521,14005,OK
303619598,D4,1520,13998,OK
303633598,D4,1521,13999,OK
303647598,D4,1520,14004,OK
303661598,D4,1521,14000,OK
303675598,D4,1521,13999,OK
303689598,D4,1520,14004,OK
303703598,D4,1521,13998,OK
303717598,D4,1520,14001,OK
303731598,D4,1521,13997,OK
303745598,D4,1520,14005,OK
303759598,D4,1520,13999,OK
303773598,D4,1520,14000,OK
303787598,D4,1520,14003,OK
303801598,D4,1521,13999,OK
303815598,D4,1520,14000,OK
303829598,D4,1521,13999,OK
303843598,D4,1520,14004,OK
303857598,D4,1521,13998,OK
303871598,D4,1521,13999,OK
303885598,D4,1520,14006,OK
303899598,D4,1521,13997,OK
303913598,D4,1521,13999,OK
303927598,D4,1521,14004,OK
303941598,D4,1521,14001,OK
303955598,D4,1520,13998,OK
303969598,D4,1521,13999,OK
303983598,D4,1520,14005,OK
303997598,D4,1520,13999,OK
# diag,ms=304000,channel=D4,pin=18,level=0
304011598,D4,1520,13998,OK
304025598,D4,1520,14004,OK
304039598,D4,1520,13999,OK
304053598,D4,1521,14000,OK
304067598,D4,1521,13998,OK
304081598,D4,1521,14004,OK
304095598,D4,1520,14000,OK
304109598,D4,1520,14000,OK
304123598,D4,1521,14002,OK
304137598,D4,1521,14000,OK
304151598,D4,1520,13999,OK
304165598,D4,1520,14005,OK
304179598,D4,1521,13998,OK
304193598,D4,1520,13999,OK
304207598,D4,1520,13999,OK
304221598,D4,1521,14005,OK
304235598,D4,1520,13998,OK
304249598,D4,1520,13999,OK
304263598,D4,1521,14004,OK
304277598,D4,1520,14001,OK
304291598,D4,1521,13997,OK
304305598,D4,1521,13999,OK
304319598,D4,1520,14005,OK
304333598,D4,1520,14000,OK
304347598,D4,1520,13998,OK
304361598,D4,1520,14004,OK
304375598,D4,1520,13999,OK
304389598,D4,1520,14000,OK
304403598,D4,1520,13998,OK
304417598,D4,1520,14004,OK
304431598,D4,1520,14000,OK
304445598,D4,1521,13999,OK
304459598,D4,1521,14003,OK
304473598,D4,1521,13999,OK
304487598,D4,1521,14000,OK
304501598,D4,1521,14005,OK
304515598,D4,1521,13997,OK
304529598,D4,1521,13999,OK
304543598,D4,1521,14000,OK
304557598,D4,1520,14005,OK
304571598,D4,1521,13998,OK
304585598,D4,1520,13999,OK
304599598,D4,1521,14004,OK
304613598,D4,1520,14001,OK
304627598,D4,1520,13997,OK
304641598,D4,1520,14000,OK
304655598,D4,1520,14003,OK
304669598,D4,1521,14000,OK
304683598,D4,1521,13998,OK
304697598,D4,1521,14004,OK
304711598,D4,1521,13999,OK
304725598,D4,1520,14001,OK
304739598,D4,1521,14002,OK
304753598,D4,1520,14000,OK
304767598,D4,1520,13999,OK
304781598,D4,1520,14000,OK
304795598,D4,1520,14003,OK
304809598,D4,1520,13999,OK
304823598,D4,1520,13999,OK
304837598,D4,1520,14006,OK
304851598,D4,1520,13998,OK
304865598,D4,1520,13999,OK
304879598,D4,1521,13998,OK
304893598,D4,1520,14006,OK
304907598,D4,1521,13997,OK
304921598,D4,1521,13999,OK
304935598,D4,1521,14004,OK
304949598,D4,1520,14001,OK
304963598,D4,1520,13998,OK
304977598,D4,1520,14000,OK
304991598,D4,1520,14003,OK
# diag,ms=305000,channel=D4,pin=18,level=0
305005598,D4,1520,14001,OK
305019598,D4,1520,13997,OK
305033598,D4,1520,14004,OK
305047598,D4,1520,13999,OK
305061598,D4,1521,14000,OK
305075598,D4,1521,14003,OK
305089598,D4,1521,13999,OK
305103598,D4,1521,13999,OK
305117598,D4,1520,14001,OK
305131598,D4,1521,14002,OK
305145598,D4,1520,14000,OK
305159598,D4,1520,13999,OK
305173598,D4,1520,14005,OK
305187598,D4,1520,13999,OK
305201598,D4,1520,13998,OK
305215598,D4,1521,13999,OK
305229598,D4,1520,14006,OK
305243598,D4,1520,13997,OK
305257598,D4,1520,13999,OK
305271598,D4,1521,14004,OK
305285598,D4,1521,14000,OK
305299598,D4,1520,13999,OK
305313598,D4,1520,14004,OK
305327598,D4,1520,13999,OK
305341598,D4,1520,14000,OK
305355598,D4,1520,14003,OK
305369598,D4,1521,13999,OK
305383598,D4,1520,13999,OK
305397598,D4,1520,14000,OK
305411598,D4,1521,14003,OK
305425598,D4,1520,14000,OK
305439598,D4,1520,13998,OK
305453598,D4,1521,14000,OK
305467598,D4,1521,14003,OK
305481598,D4,1521,13999,OK
305495598,D4,1521,13999,OK
305509598,D4,1520,14006,OK
305523598,D4,1521,13997,OK
305537598,D4,1520,14000,OK
305551598,D4,1520,14004,OK
305565598,D4,1521,14000,OK
305579598,D4,1520,13998,OK
305593598,D4,1521,13999,OK
305607598,D4,1521,14004,OK
305621598,D4,1520,14001,OK
305635598,D4,1520,13998,OK
305649598,D4,1520,14003,OK
305663598,D4,1520,13999,OK
305677598,D4,1521,14000,OK
305691598,D4,1521,13998,OK
305705598,D4,1521,14004,OK
305719598,D4,1521,13999,OK
305733598,D4,1520,14001,OK
305747598,D4,1521,14003,OK
305761598,D4,1520,13999,OK
305775598,D4,1521,13999,OK
305789598,D4,1520,14005,OK
305803598,D4,1520,13998,OK
305817598,D4,1520,13999,OK
305831598,D4,1520,13999,OK
305845598,D4,1521,14005,OK
305859598,D4,1520,13998,OK
305873598,D4,1521,13999,OK
305887598,D4,1521,13999,OK
305901598,D4,1520,14006,OK
305915598,D4,1521,13997,OK
305929598,D4,1521,13999,OK
305943598,D4,1521,14004,OK
305957598,D4,1520,14001,OK
305971598,D4,1520,13998,OK
305985598,D4,1520,14004,OK
305999598,D4,1520,14000,OK
# diag,ms=306000,channel=D4,pin=18,level=0
306013598,D4,1520,13999,OK
306027598,D4,1520,13998,OK
306041598,D4,1520,14005,OK
306055598,D4,1520,13999,OK
306069598,D4,1521,13999,OK
306083598,D4,1520,14004,OK
306097598,D4,1521,13998,OK
306111598,D4,1521,13999,OK
306125598,D4,1521,14006,OK
306139598,D4,1521,13997,OK
306153598,D4,1520,14000,OK
306167598,D4,1520,13999,OK
306181598,D4,1520,14005,OK
306195598,D4,1520,13998,OK
306209598,D4,1521,13999,OK
306223598,D4,1520,14004,OK
306237598,D4,1520,14001,OK
306251598,D4,1520,13997,OK
306265598,D4,1520,13999,OK
306279598,D4,1521,14004,OK
306293598,D4,1521,14000,OK
306307598,D4,1521,13998,OK
306321598,D4,1521,14004,OK
306335598,D4,1520,14000,OK
306349598,D4,1521,14000,OK
306363598,D4,1520,14003,OK
306377598,D4,1521,13999,OK
306391598,D4,1521,13999,OK
306405598,D4,1520,14000,OK
306419598,D4,1520,14003,OK
306433598,D4,1520,13999,OK
306447598,D4,1520,13999,OK
306461598,D4,1521,14000,OK
306475598,D4,1521,14003,OK
306489598,D4,1520,14000,OK
306503598,D4,1520,13999,OK
306517598,D4,1520,14005,OK
306531598,D4,1521,13997,OK
306545598,D4,1521,13999,OK
306559598,D4,1521,14005,OK
306573598,D4,1520,14000,OK
306587598,D4,1521,13998,OK
306601598,D4,1520,13999,OK
306615598,D4,1520,14004,OK
306629598,D4,1521,14000,OK
306643598,D4,1520,13999,OK
306657598,D4,1520,14004,OK
306671598,D4,1520,13999,OK
306685598,D4,1520,14000,OK
306699598,D4,1520,13998,OK
306713598,D4,1521,14003,OK
306727598,D4,1520,14000,OK
306741598,D4,1520,14000,OK
306755598,D4,1520,14003,OK
306769598,D4,1520,13999,OK
306783598,D4,1521,13999,OK
306797598,D4,1520,14005,OK
306811598,D4,1520,13998,OK
306825598,D4,1521,13999,OK
306839598,D4,1520,14004,OK
306853598,D4,1520,14001,OK
306867598,D4,1520,13997,OK
306881598,D4,1521,13999,OK
306895598,D4,1521,14004,OK
306909598,D4,1520,14001,OK
306923598,D4,1521,13997,OK
306937598,D4,1521,14004,OK
306951597,D4,1521,13999,OK
306965598,D4,1520,14001,OK
306979597,D4,1520,13998,OK
306993600,D4,1523,14004,OK
# diag,ms=307000,channel=D4,pin=18,level=0
307007599,D4,1521,13999,OK
307021599,D4,1520,14000,OK
307035597,D4,1520,13998,OK
307049601,D4,1523,14004,OK
307063600,D4,1523,13999,OK
307077600,D4,1523,14000,OK
307091601,D4,1521,14003,OK
307105601,D4,1522,13999,OK
307119601,D4,1523,13999,OK
307133602,D4,1522,14006,OK
307147601,D4,1520,13997,OK
307161601,D4,1520,14000,OK
307175601,D4,1521,13999,OK
307189602,D4,1521,14005,OK
307203602,D4,1523,13998,OK
307217602,D4,1524,13999,OK
307231603,D4,1520,14004,OK
307246598,D4,1521,14001,OK
307259602,D4,1521,13998,OK
307274598,D4,1521,14003,OK
307288598,D4,1521,13999,OK
307302598,D4,1521,14001,OK
307315602,D4,1521,13997,OK
307330598,D4,1522,14005,OK
307344598,D4,1521,13999,OK
307358598,D4,1520,14000,OK
307372598,D4,1520,14003,OK
307386598,D4,1521,13999,OK
307400598,D4,1522,13999,OK
307414598,D4,1521,14001,OK
307428598,D4,1520,14002,OK
307442598,D4,1521,13999,OK
307456598,D4,1520,14000,OK
307470598,D4,1523,14005,OK
307484598,D4,1520,13998,OK
307498598,D4,1520,13998,OK
307512598,D4,1520,14000,OK
307526598,D4,1522,14005,OK
307540598,D4,1520,13997,OK
307554598,D4,1520,14000,OK
307568598,D4,1521,14004,OK
307582598,D4,1521,14000,OK
307596598,D4,1523,13998,OK
307610598,D4,1520,14004,OK
307624598,D4,1521,13999,OK
307638597,D4,1520,14000,OK
307652598,D4,1521,13999,OK
307666598,D4,1520,14003,OK
307680598,D4,1520,14000,OK
307694598,D4,1521,13999,OK
307708598,D4,1521,14003,OK
307722598,D4,1521,13999,OK
307736598,D4,1521,13999,OK
307750598,D4,1521,14006,OK
307764598,D4,1521,13998,OK
307778598,D4,1520,14000,OK
307792598,D4,1520,13998,OK
307806598,D4,1520,14005,OK
307820598,D4,1520,13998,OK
307834598,D4,1521,13999,OK
307848598,D4,1520,14004,OK
307862598,D4,1520,14001,OK
307876598,D4,1520,13998,OK
307890598,D4,1521,13998,OK
307904598,D4,1521,14004,OK
307918598,D4,1520,14001,OK
307932598,D4,1521,13997,OK
307946598,D4,1520,14005,OK
307960598,D4,1521,13999,OK
307974598,D4,1521,14000,OK
307988598,D4,1520,13998,OK
# diag,ms=308000,channel=D4,pin=18,level=1
308002598,D4,1520,14004,OK
308016598,D4,1520,13999,OK
308030598,D4,1520,14000,OK
308044598,D4,1520,14003,OK
308058598,D4,1520,13999,OK
308072598,D4,1520,14000,OK
308086598,D4,1521,14004,OK
308100598,D4,1520,13999,OK
308114598,D4,1520,13999,OK
308128598,D4,1521,13998,OK
308142598,D4,1520,14006,OK
308156598,D4,1521,13997,OK
308170598,D4,1520,14000,OK
308184598,D4,1521,14004,OK
308198598,D4,1520,14001,OK
308212598,D4,1520,13997,OK
308226598,D4,1520,14004,OK
308240598,D4,1520,13999,OK
308254598,D4,1520,14001,OK
308268598,D4,1520,13997,OK
308282598,D4,1520,14004,OK
308296598,D4,1521,13999,OK
308310598,D4,1521,14000,OK
308324598,D4,1520,13999,OK
308338598,D4,1520,14004,OK
308352598,D4,1521,13998,OK
308366598,D4,1520,14001,OK
308380598,D4,1520,14003,OK
308394598,D4,1520,13999,OK
308408598,D4,1520,13999,OK
308422598,D4,1520,14006,OK
308436598,D4,1521,13997,OK
308450598,D4,1520,13999,OK
308464598,D4,1520,13999,OK
308478598,D4,1521,14005,OK
308492598,D4,1521,13998,OK
308506598,D4,1521,13999,OK
308520598,D4,1521,14004,OK
308534598,D4,1520,14001,OK
308548598,D4,1521,13997,OK
308562598,D4,1521,13999,OK
308576598,D4,1521,14005,OK
308590598,D4,1520,14001,OK
308604598,D4,1520,13997,OK
308618598,D4,1520,14004,OK
308632598,D4,1520,13999,OK
308646598,D4,1521,14000,OK
308660598,D4,1520,14004,OK
308674598,D4,1520,13999,OK
308688598,D4,1520,13999,OK
308702598,D4,1521,13999,OK
308716598,D4,1520,14005,OK
308730598,D4,1521,13997,OK
308744598,D4,1521,13999,OK
308758598,D4,1521,14006,OK
308772598,D4,1521,13998,OK
308786598,D4,1521,13999,OK
308800598,D4,1520,13999,OK
308814598,D4,1520,14005,OK
308828598,D4,1521,13998,OK
308842598,D4,1520,13999,OK
308856598,D4,1520,14005,OK
308870598,D4,1521,13999,OK
308884598,D4,1520,13998,OK
308898598,D4,1521,14004,OK
308912598,D4,1521,13999,OK
308926598,D4,1520,14001,OK
308940598,D4,1520,13998,OK
308954598,D4,1521,14003,OK
308968598,D4,1520,14000,OK
308982598,D4,1520,14000,OK
308996598,D4,1520,14003,OK
# diag,ms=309000,channel=D4,pin=18,level=0
309010598,D4,1521,13999,OK
309024598,D4,1520,13999,OK
309038598,D4,1521,14000,OK
309052598,D4,1520,14003,OK
309066598,D4,1520,13999,OK
309080598,D4,1520,14000,OK
309094598,D4,1521,14004,OK
309108598,D4,1521,13998,OK
309122598,D4,1521,13999,OK
309136598,D4,1521,13999,OK
309150598,D4,1520,14006,OK
309164598,D4,1521,13997,OK
309178598,D4,1520,14000,OK
309192598,D4,1520,14004,OK
309206598,D4,1520,14001,OK
309220598,D4,1520,13997,OK
309234598,D4,1521,13999,OK
309248598,D4,1520,14004,OK
309262598,D4,1521,14000,OK
309276598,D4,1520,13999,OK
309290598,D4,1521,14003,OK
309304598,D4,1521,13999,OK
309318598,D4,1521,14000,OK
309332598,D4,1521,14003,OK
309346598,D4,1521,13999,OK
309360598,D4,1520,14000,OK
309374598,D4,1520,14000,OK
309388598,D4,1520,14003,OK
309402598,D4,1520,13999,OK
309416598,D4,1521,13999,OK
309430598,D4,1520,14006,OK
309444598,D4,1520,13997,OK
309458598,D4,1520,14000,OK
309472598,D4,1521,13999,OK
309486598,D4,1520,14005,OK
309500598,D4,1521,13997,OK
309514598,D4,1520,14000,OK
309528598,D4,1521,14003,OK
309542598,D4,1520,14001,OK
309556598,D4,1521,13997,OK
309570598,D4,1521,14004,OK
309584598,D4,1520,14000,OK
309598598,D4,1520,14000,OK
309612598,D4,1520,14003,OK
309626598,D4,1520,13999,OK
309640598,D4,1521,13999,OK
309654598,D4,1521,14000,OK
309668598,D4,1520,14003,OK
309682598,D4,1520,13999,OK
309696598,D4,1520,14000,OK
309710598,D4,1521,13999,OK
309724598,D4,1520,14005,OK
309738598,D4,1521,13997,OK
309752598,D4,1521,13999,OK
309766598,D4,1520,14006,OK
309780598,D4,1521,13998,OK
309794598,D4,1520,13999,OK
309808598,D4,1520,14004,OK
309822598,D4,1520,14000,OK
309836598,D4,1521,13998,OK
309850598,D4,1520,14000,OK
309864598,D4,1520,14003,OK
309878598,D4,1521,14000,OK
309892598,D4,1520,13999,OK
309906598,D4,1521,14003,OK
309920598,D4,1521,13999,OK
309934598,D4,1520,14001,OK
309948598,D4,1521,13997,OK
309962598,D4,1521,14004,OK
309976598,D4,1520,14000,OK
309990598,D4,1520,14000,OK
# diag,ms=310000,channel=D4,pin=18,level=0
310004598,D4,1520,14003,OK
310018598,D4,1520,13999,OK
310032598,D4,1520,13999,OK
310046598,D4,1521,14006,OK
310060598,D4,1520,13998,OK
310074598,D4,1520,13998,OK
310088598,D4,1520,13999,OK
310102598,D4,1521,14005,OK
310116598,D4,1520,13999,OK
310130598,D4,1521,13998,OK
310144598,D4,1521,14004,OK
310158598,D4,1520,14001,OK
310172598,D4,1521,13997,OK
310186598,D4,1521,14000,OK
310200598,D4,1521,14004,OK
310214598,D4,1520,14000,OK
310228598,D4,1521,13998,OK
310242598,D4,1521,14004,OK
310256598,D4,1520,13999,OK
310270598,D4,1521,14000,OK
310284598,D4,1520,13998,OK
310298598,D4,1521,14004,OK
310312598,D4,1521,13999,OK
310326598,D4,1521,14000,OK
310340598,D4,1521,14003,OK
310354598,D4,1521,13999,OK
310368598,D4,1521,13999,OK
310382598,D4,1521,14006,OK
310396598,D4,1520,13998,OK
310410598,D4,1520,13999,OK
310424598,D4,1520,13999,OK
310438598,D4,1520,14005,OK
310452598,D4,1520,13998,OK
310466598,D4,1520,13999,OK
310480598,D4,1520,14004,OK
310494598,D4,1521,14000,OK
310508598,D4,1520,13999,OK
310522598,D4,1521,13999,OK
310536598,D4,1521,14003,OK
310550598,D4,1521,14001,OK
310564598,D4,1521,13997,OK
310578598,D4,1521,14004,OK
310592598,D4,1520,14000,OK
310606598,D4,1520,14000,OK
310620598,D4,1521,14003,OK
310634598,D4,1520,13999,OK
310648598,D4,1520,13999,OK
310662598,D4,1521,14000,OK
310676598,D4,1520,14003,OK
310690598,D4,1520,13999,OK
310704598,D4,1521,13999,OK
310718598,D4,1521,14005,OK
310732598,D4,1520,13999,OK
310746598,D4,1521,13998,OK
310760598,D4,1521,14004,OK
310774598,D4,1520,14001,OK
310788598,D4,1520,13998,OK
310802598,D4,1520,13999,OK
310816598,D4,1520,14004,OK
310830598,D4,1520,14000,OK
310844598,D4,1520,13998,OK
310858598,D4,1520,14000,OK
310872598,D4,1520,14003,OK
310886598,D4,1521,14000,OK
310900598,D4,1520,13998,OK
310914598,D4,1520,14005,OK
310928598,D4,1521,13998,OK
310942598,D4,1520,14001,OK
310956598,D4,1521,14002,OK
310970598,D4,1521,13999,OK
310984598,D4,1520,14001,OK
310998598,D4,1520,13999,OK
# diag,ms=311000,channel=D4,pin=18,level=0
311012598,D4,1520,14003,OK
311026598,D4,1520,13999,OK
311040598,D4,1521,13999,OK
311054598,D4,1521,14005,OK
311068598,D4,1520,13998,OK
311082598,D4,1520,13999,OK
311096598,D4,1520,14004,OK
311110598,D4,1520,14001,OK
311124598,D4,1520,13998,OK
311138598,D4,1520,13999,OK
311152598,D4,1521,14003,OK
311166598,D4,1520,14001,OK
311180598,D4,1521,13998,OK
311194598,D4,1520,14004,OK
311208598,D4,1521,13999,OK
311222598,D4,1520,14000,OK
311236598,D4,1520,13999,OK
311250598,D4,1520,14003,OK
311264598,D4,1520,14000,OK
311278598,D4,1521,13999,OK
311292598,D4,1520,14003,OK
311306598,D4,1521,13999,OK
311320598,D4,1521,13999,OK
311334598,D4,1521,14000,OK
311348598,D4,1521,14003,OK
311362598,D4,1521,13999,OK
311376598,D4,1520,14000,OK
311390598,D4,1520,14005,OK
311404598,D4,1520,13998,OK
311418598,D4,1520,13999,OK
311432598,D4,1520,13999,OK
311446598,D4,1520,14005,OK
311460598,D4,1520,13998,OK
311474598,D4,1520,13999,OK
311488598,D4,1520,14004,OK
311502598,D4,1521,14000,OK
311516598,D4,1520,13999,OK
311530598,D4,1521,14003,OK
311544598,D4,1521,13999,OK
311558598,D4,1520,14001,OK
311572598,D4,1521,13997,OK
311586598,D4,1521,14005,OK
311600598,D4,1520,13999,OK
311614598,D4,1520,14000,OK
311628598,D4,1520,14003,OK
311642598,D4,1520,13999,OK
311656598,D4,1521,13999,OK
311670598,D4,1521,14000,OK
311684598,D4,1520,14003,OK
311698598,D4,1520,13999,OK
311712598,D4,1520,14000,OK
311726598,D4,1521,14004,OK
311740598,D4,1520,14000,OK
311754598,D4,1520,13998,OK
311768598,D4,1520,14004,OK
311782598,D4,1520,14000,OK
311796598,D4,1521,13998,OK
311810598,D4,1520,13999,OK
311824598,D4,1520,14004,OK
311838598,D4,1520,14000,OK
311852598,D4,1520,13998,OK
311866598,D4,1520,14004,OK
311880598,D4,1520,13999,OK
311894598,D4,1521,14000,OK
311908598,D4,1520,13998,OK
311922598,D4,1521,14004,OK
311936598,D4,1520,14000,OK
311950598,D4,1521,14000,OK
311964598,D4,1520,14003,OK
311978598,D4,1520,13999,OK
311992598,D4,1520,13999,OK
# diag,ms=312000,channel=D4,pin=18,level=0
312006598,D4,1520,14005,OK
312020598,D4,1520,13998,OK
312034598,D4,1520,13999,OK
312048598,D4,1520,13999,OK
312062598,D4,1521,14005,OK
312076598,D4,1521,13999,OK
312090598,D4,1520,13998,OK
312104598,D4,1520,14004,OK
312118598,D4,1521,14000,OK
312132598,D4,1521,13998,OK
312146598,D4,1521,13999,OK
312160598,D4,1521,14004,OK
312174598,D4,1520,14001,OK
312188598,D4,1521,13998,OK
312202598,D4,1520,14004,OK
312216598,D4,1520,13999,OK
312230598,D4,1520,14000,OK
312244598,D4,1520,14003,OK
312258598,D4,1520,13999,OK
312272598,D4,1520,13999,OK
312286598,D4,1521,14000,OK
312300598,D4,1520,14004,OK
312314598,D4,1521,13998,OK
312328598,D4,1521,13999,OK
312342598,D4,1521,14006,OK
312356598,D4,1521,13997,OK
312370598,D4,1521,13999,OK
312384598,D4,1521,14004,OK
312398598,D4,1520,14001,OK
312412598,D4,1520,13998,OK
312426598,D4,1521,13999,OK
312440598,D4,1520,14004,OK
312454598,D4,1520,14001,OK
312468598,D4,1520,13997,OK
312482598,D4,1520,13999,OK
312496598,D4,1521,14005,OK
312510598,D4,1521,13999,OK
312524598,D4,1521,13998,OK
312538598,D4,1521,14004,OK
312552598,D4,1521,13999,OK
312566598,D4,1521,14001,OK
312580598,D4,1520,13998,OK
312594598,D4,1521,14004,OK
312608598,D4,1521,13999,OK
312622598,D4,1520,14006,OK
312636598,D4,1520,13997,OK
312650598,D4,1521,13999,OK
312664598,D4,1520,13999,OK
312678598,D4,1520,14006,OK
312692598,D4,1520,13997,OK
312706598,D4,1520,13999,OK
312720598,D4,1520,14000,OK
312734598,D4,1520,14005,OK
312748598,D4,1521,13997,OK
312762598,D4,1521,13999,OK
312776598,D4,1520,14005,OK
312790598,D4,1521,14000,OK
312804598,D4,1521,13998,OK
312818598,D4,1520,14004,OK
312832598,D4,1520,13999,OK
312846598,D4,1520,14001,OK
312860598,D4,1520,13997,OK
312874598,D4,1520,14004,OK
312888598,D4,1520,13999,OK
312902598,D4,1521,14000,OK
312916598,D4,1520,14004,OK
312930598,D4,1521,13998,OK
312944598,D4,1521,13999,OK
312958598,D4,1521,14001,OK
312972598,D4,1520,14003,OK
312986598,D4,1520,13999,OK
313000598,D4,1520,13999,OK
# diag,ms=313000,channel=D4,pin=18,level=0
313014598,D4,1520,14005,OK
313028598,D4,1520,13998,OK
313042598,D4,1521,13999,OK
313056598,D4,1521,14004,OK
313070598,D4,1520,14001,OK
313084598,D4,1520,13997,OK
313098598,D4,1520,14000,OK
313112598,D4,1520,14003,OK
313126598,D4,1521,14000,OK
313140598,D4,1521,13998,OK
313154598,D4,1521,14004,OK
313168598,D4,1521,13999,OK
313182598,D4,1520,14001,OK
313196598,D4,1521,14003,OK
313210598,D4,1520,13999,OK
313224598,D4,1520,13999,OK
313238598,D4,1520,14000,OK
313252598,D4,1520,14003,OK
313266598,D4,1520,13999,OK
313280598,D4,1520,13999,OK
313294598,D4,1521,14000,OK
313308598,D4,1520,14004,OK
313322598,D4,1521,13998,OK
313336598,D4,1521,13999,OK
313350598,D4,1521,14006,OK
313364598,D4,1520,13998,OK
313378598,D4,1521,13998,OK
313392598,D4,1520,14005,OK
313406598,D4,1520,14000,OK
313420598,D4,1521,13998,OK
313434598,D4,1520,13999,OK
313448598,D4,1520,14004,OK
313462598,D4,1520,14001,OK
313476598,D4,1520,13997,OK
313490598,D4,1520,14004,OK
313504598,D4,1520,13999,OK
313518598,D4,1520,14001,OK
313532598,D4,1521,13997,OK
313546598,D4,1520,14005,OK
313560598,D4,1521,13998,OK
313574598,D4,1520,14001,OK
313588598,D4,1521,14002,OK
313602598,D4,1520,14000,OK
313616598,D4,1520,13999,OK
313630598,D4,1520,14005,OK
313644598,D4,1521,13998,OK
313658598,D4,1520,13999,OK
313672598,D4,1521,14004,OK
313686598,D4,1521,14000,OK
313700598,D4,1520,13998,OK
313714598,D4,1520,13999,OK
313728598,D4,1521,14004,OK
313742598,D4,1521,14000,OK
313756598,D4,1520,13999,OK
313770598,D4,1520,13999,OK
313784598,D4,1521,14003,OK
313798598,D4,1521,14001,OK
313812598,D4,1520,13998,OK
313826598,D4,1520,14004,OK
313840598,D4,1520,13999,OK
313854598,D4,1520,14000,OK
313868598,D4,1520,13998,OK
313882598,D4,1520,14004,OK
313896598,D4,1520,13999,OK
313910598,D4,1521,14000,OK
313924598,D4,1520,14004,OK
313938598,D4,1520,13999,OK
313952598,D4,1521,13998,OK
313966598,D4,1521,14006,OK
313980598,D4,1521,13997,OK
313994598,D4,1521,13999,OK
# diag,ms=314000,channel=D4,pin=18,level=0
314008598,D4,1520,14000,OK
314022598,D4,1520,14005,OK
314036598,D4,1520,13998,OK
314050598,D4,1520,13999,OK
314064598,D4,1520,14004,OK
314078598,D4,1521,14000,OK
314092598,D4,1520,13998,OK
314106598,D4,1520,14004,OK
314120598,D4,1520,13999,OK
314134598,D4,1521,14000,OK
314148598,D4,1521,13998,OK
314162598,D4,1521,14004,OK
314176598,D4,1520,14000,OK
314190598,D4,1520,14000,OK
314204598,D4,1520,13998,OK
314218598,D4,1520,14004,OK
314232598,D4,1520,13999,OK
314246598,D4,1520,14000,OK
314260598,D4,1520,14003,OK
314274598,D4,1521,13999,OK
314288598,D4,1520,13999,OK
314302598,D4,1521,14005,OK
314316598,D4,1520,13998,OK
314330598,D4,1521,13999,OK
314344598,D4,1520,14000,OK
314358598,D4,1520,14005,OK
314372598,D4,1521,13997,OK
314386598,D4,1521,13999,OK
314400598,D4,1521,14004,OK
314414598,D4,1520,14001,OK
314428598,D4,1520,13998,OK
314442598,D4,1520,14004,OK
314456598,D4,1520,13999,OK
314470598,D4,1520,14000,OK
314484598,D4,1520,13998,OK
314498598,D4,1520,14004,OK
314512598,D4,1520,13999,OK
314526598,D4,1521,14000,OK
314540598,D4,1521,14003,OK
314554598,D4,1521,13999,OK
314568598,D4,1521,13999,OK
314582598,D4,1521,14001,OK
314596598,D4,1520,14003,OK
314610598,D4,1520,13999,OK
314624598,D4,1520,13999,OK
314638598,D4,1520,14006,OK
314652598,D4,1520,13997,OK
314666598,D4,1520,13999,OK
314680598,D4,1520,13999,OK
314694598,D4,1521,14005,OK
314708598,D4,1520,13999,OK
314722598,D4,1520,13998,OK
314736598,D4,1520,14005,OK
314750598,D4,1521,13999,OK
314764598,D4,1521,13998,OK
314778598,D4,1520,14005,OK
314792598,D4,1521,13998,OK
314806598,D4,1521,14001,OK
314820598,D4,1520,13998,OK
314834598,D4,1520,14004,OK
314848598,D4,1520,13999,OK
314862598,D4,1520,14000,OK
314876598,D4,1520,14003,OK
314890598,D4,1520,13999,OK
314904598,D4,1520,13999,OK
314918598,D4,1521,14000,OK
314932598,D4,1521,14003,OK
314946598,D4,1521,13999,OK
314960598,D4,1520,14000,OK
314974598,D4,1520,14005,OK
314988598,D4,1521,13997,OK
# diag,ms=315000,channel=D4,pin=18,level=1
315002598,D4,1521,13999,OK
315016598,D4,1520,14005,OK
315030598,D4,1520,14000,OK
315044598,D4,1520,13998,OK
315058598,D4,1520,13999,OK
315072598,D4,1520,14004,OK
315086598,D4,1521,14000,OK
315100598,D4,1520,13998,OK
315114598,D4,1520,14004,OK
315128598,D4,1520,13999,OK
315142598,D4,1521,14000,OK
315156598,D4,1521,14003,OK
315170598,D4,1521,13999,OK
315184598,D4,1521,13999,OK
315198598,D4,1520,14001,OK
315212598,D4,1520,14003,OK
315226598,D4,1521,13999,OK
315240598,D4,1520,13999,OK
315254598,D4,1520,14005,OK
315268598,D4,1520,13999,OK
315282598,D4,1520,13998,OK
315296598,D4,1520,13999,OK
315310598,D4,1520,14006,OK
315324598,D4,1520,13997,OK
315338598,D4,1521,13999,OK
315352598,D4,1521,14004,OK
315366598,D4,1520,14001,OK
315380598,D4,1521,13997,OK
315394598,D4,1521,13999,OK
315408598,D4,1521,14004,OK
315422598,D4,1520,14001,OK
315436598,D4,1520,13998,OK
315450598,D4,1520,14004,OK
315464598,D4,1520,13999,OK
315478598,D4,1520,14000,OK
315492598,D4,1520,14003,OK
315506598,D4,1520,14000,OK
315520598,D4,1520,13998,OK
315534598,D4,1521,14000,OK
315548598,D4,1521,14003,OK
315562598,D4,1521,13999,OK
315576598,D4,1520,14000,OK
315590598,D4,1520,14005,OK
315604598,D4,1521,13997,OK
315618598,D4,1521,14000,OK
315632598,D4,1521,13999,OK
315646598,D4,1520,14006,OK
315660598,D4,1520,13997,OK
315674598,D4,1520,13999,OK
315688598,D4,1520,14004,OK
315702598,D4,1520,14001,OK
315716598,D4,1520,13998,OK
315730598,D4,1520,13998,OK
315744598,D4,1521,14004,OK
315758598,D4,1521,14001,OK
315772598,D4,1521,13997,OK
315786598,D4,1521,14004,OK
315800598,D4,1521,13999,OK
315814598,D4,1521,14001,OK
315828598,D4,1520,13998,OK
315842598,D4,1521,14004,OK
315856598,D4,1520,13999,OK
315870598,D4,1520,14000,OK
315884598,D4,1521,14003,OK
315898598,D4,1520,13999,OK
315912598,D4,1520,13999,OK
315926598,D4,1521,14005,OK
315940598,D4,1521,13998,OK
315954598,D4,1520,14000,OK
315968598,D4,1521,13998,OK
315982598,D4,1520,14006,OK
315996598,D4,1520,13998,OK
# diag,ms=316000,channel=D4,pin=18,level=0
316010598,D4,1521,13999,OK
316024598,D4,1520,14004,OK
316038598,D4,1520,14000,OK
316052598,D4,1520,13998,OK
316066598,D4,1520,14004,OK
316080598,D4,1521,13999,OK
316094598,D4,1521,14000,OK
316108598,D4,1520,13998,OK
316122598,D4,1520,14004,OK
316136598,D4,1521,13999,OK
316150598,D4,1520,14001,OK
316164598,D4,1520,14003,OK
316178598,D4,1521,13998,OK
316192598,D4,1520,14000,OK
316206598,D4,1520,14000,OK
316220598,D4,1520,14003,OK
316234598,D4,1521,13999,OK
316248598,D4,1521,13999,OK
316262598,D4,1520,14005,OK
316276598,D4,1521,13998,OK
316290598,D4,1520,13999,OK
316304598,D4,1520,14005,OK
316318598,D4,1521,13999,OK
316332598,D4,1520,13998,OK
316346598,D4,1521,13999,OK
316360598,D4,1521,14004,OK
316374598,D4,1521,14001,OK
316388598,D4,1520,13998,OK
316402598,D4,1521,13998,OK
316416598,D4,1521,14004,OK
316430598,D4,1520,14001,OK
316444598,D4,1520,13998,OK
316458598,D4,1520,14004,OK
316472598,D4,1520,13999,OK
316486598,D4,1520,14001,OK
316500598,D4,1520,14002,OK
316514598,D4,1520,13999,OK
316528598,D4,1521,14000,OK
316542598,D4,1521,13999,OK
316556598,D4,1521,14003,OK
316570598,D4,1521,13999,OK
316584598,D4,1520,14001,OK
316598598,D4,1520,14004,OK
316612598,D4,1521,13997,OK
316626598,D4,1520,14000,OK
316640598,D4,1520,13999,OK
316654598,D4,1520,14005,OK
316668598,D4,1520,13998,OK
316682598,D4,1520,13999,OK
316696598,D4,1520,14004,OK
316710598,D4,1521,14000,OK
316724598,D4,1520,13998,OK
316738598,D4,1520,14005,OK
316752598,D4,1521,13998,OK
316766598,D4,1521,14000,OK
316780598,D4,1521,13998,OK
316794598,D4,1521,14004,OK
316808598,D4,1520,14000,OK
316822598,D4,1521,14000,OK
316836598,D4,1520,14003,OK
316850598,D4,1520,13999,OK
316864598,D4,1520,13999,OK
316878598,D4,1520,14006,OK
316892598,D4,1520,13998,OK
316906598,D4,1520,13998,OK
316920598,D4,1520,13999,OK
316934598,D4,1520,14006,OK
316948598,D4,1521,13997,OK
316962598,D4,1521,13999,OK
316976598,D4,1521,14004,OK
316990598,D4,1520,14001,OK
# diag,ms=317000,channel=D4,pin=18,level=0
317004598,D4,1520,13998,OK
317018598,D4,1520,14000,OK
317032598,D4,1520,14004,OK
317046598,D4,1520,14000,OK
317060598,D4,1521,13997,OK
317074598,D4,1520,14004,OK
317088598,D4,1520,13999,OK
317102598,D4,1520,14001,OK
317116598,D4,1520,14002,OK
317130598,D4,1520,13999,OK
317144598,D4,1520,14000,OK
317158598,D4,1520,14000,OK
317172598,D4,1520,14003,OK
317186598,D4,1520,13999,OK
317200598,D4,1520,13999,OK
317214598,D4,1520,14005,OK
317228598,D4,1521,13998,OK
317242598,D4,1520,13999,OK
317256598,D4,1520,13999,OK
317270598,D4,1520,14006,OK
317284598,D4,1521,13997,OK
317298598,D4,1520,13999,OK
317312598,D4,1520,14004,OK
317326598,D4,1521,14000,OK
317340598,D4,1520,13998,OK
317354598,D4,1520,14000,OK
317368598,D4,1520,14004,OK
317382598,D4,1520,14000,OK
317396598,D4,1521,13997,OK
317410598,D4,1521,14004,OK
317424598,D4,1521,14000,OK
317438598,D4,1521,14000,OK
317452598,D4,1520,13998,OK
317466598,D4,1521,14004,OK
317480598,D4,1520,13999,OK
317494598,D4,1521,14000,OK
317508598,D4,1520,14004,OK
317522598,D4,1520,13999,OK
317536598,D4,1520,13998,OK
317550598,D4,1520,14006,OK
317564598,D4,1521,13997,OK
317578598,D4,1520,14000,OK
317592598,D4,1521,13998,OK
317606598,D4,1520,14006,OK
317620598,D4,1521,13997,OK
317634598,D4,1521,14000,OK
317648598,D4,1521,14004,OK
317662598,D4,1520,14001,OK
317676598,D4,1521,13997,OK
317690598,D4,1521,13999,OK
317704598,D4,1520,14004,OK
317718598,D4,1521,14000,OK
317732598,D4,1520,13998,OK
317746598,D4,1521,14004,OK
317760598,D4,1521,13999,OK
317774598,D4,1521,14000,OK
317788598,D4,1521,14003,OK
317802598,D4,1521,13999,OK
317816598,D4,1520,14000,OK
317830598,D4,1520,14000,OK
317844598,D4,1520,14003,OK
317858598,D4,1520,13999,OK
317872598,D4,1520,13999,OK
317886598,D4,1520,14006,OK
317900598,D4,1520,13997,OK
317914598,D4,1520,13999,OK
317928598,D4,1520,13999,OK
317942598,D4,1520,14006,OK
317956598,D4,1521,13997,OK
317970598,D4,1521,13999,OK
317984598,D4,1521,14004,OK
317998598,D4,1520,14001,OK
# diag,ms=318000,channel=D4,pin=18,level=0
318012598,D4,1520,13998,OK
318026598,D4,1521,14003,OK
318040598,D4,1520,14000,OK
318054598,D4,1520,14001,OK
318068598,D4,1521,13997,OK
318082598,D4,1520,14005,OK
318096598,D4,1520,13998,OK
318110598,D4,1521,14000,OK
318124598,D4,1520,14003,OK
318138598,D4,1520,14000,OK
318152598,D4,1521,13998,OK
318166598,D4,1521,14000,OK
318180598,D4,1521,14003,OK
318194598,D4,1521,13999,OK
318208598,D4,1521,13999,OK
318222598,D4,1520,14006,OK
318236598,D4,1520,13998,OK
318250598,D4,1521,13999,OK
318264598,D4,1520,13999,OK
318278598,D4,1520,14005,OK
318292598,D4,1520,13998,OK
318306598,D4,1520,13999,OK
318320598,D4,1520,14004,OK
318334598,D4,1521,14000,OK
318348598,D4,1520,13999,OK
318362598,D4,1521,14003,OK
318376598,D4,1521,13999,OK
318390598,D4,1521,14001,OK
318404598,D4,1520,13998,OK
318418598,D4,1521,14003,OK
318432598,D4,1520,14000,OK
318446598,D4,1520,14000,OK
318460598,D4,1520,14003,OK
318474598,D4,1520,13999,OK
318488598,D4,1520,13999,OK
318502598,D4,1521,14000,OK
318516598,D4,1520,14003,OK
318530598,D4,1520,14000,OK
318544598,D4,1521,13999,OK
318558598,D4,1521,14004,OK
318572598,D4,1520,13999,OK
318586598,D4,1520,13999,OK
318600598,D4,1520,14004,OK
318614598,D4,1520,14000,OK
318628598,D4,1521,13997,OK
318642598,D4,1521,14000,OK
318656598,D4,1521,14004,OK
318670598,D4,1520,14000,OK
318684598,D4,1520,13998,OK
318698598,D4,1521,14004,OK
318712598,D4,1520,13999,OK
318726598,D4,1521,14000,OK
318740598,D4,1520,14004,OK
318754598,D4,1521,13998,OK
318768598,D4,1521,13999,OK
318782598,D4,1521,14001,OK
318796598,D4,1521,14002,OK
318810598,D4,1521,13999,OK
318824598,D4,1520,14000,OK
318838598,D4,1520,14005,OK
318852598,D4,1521,13998,OK
318866598,D4,1520,13999,OK
318880598,D4,1521,13999,OK
318894598,D4,1520,14005,OK
318908598,D4,1520,13998,OK
318922598,D4,1520,13999,OK
318936598,D4,1520,14004,OK
318950598,D4,1521,14000,OK
318964598,D4,1521,13998,OK
318978598,D4,1520,14000,OK
318992598,D4,1521,14003,OK
# diag,ms=319000,channel=D4,pin=18,level=0
319006598,D4,1521,14001,OK
319020598,D4,1520,13998,OK
319034598,D4,1520,14004,OK
319048598,D4,1520,13999,OK
319062598,D4,1520,14001,OK
319076598,D4,1520,13997,OK
319090598,D4,1521,14004,OK
319104598,D4,1520,13999,OK
319118598,D4,1521,14000,OK
319132598,D4,1520,14003,OK
319146598,D4,1520,14000,OK
319160598,D4,1521,13998,OK
319174598,D4,1521,14005,OK
319188598,D4,1521,13998,OK
319202598,D4,1520,14000,OK
319216598,D4,1521,13998,OK
319230598,D4,1520,14006,OK
319244598,D4,1520,13998,OK
319258598,D4,1520,13999,OK
319272598,D4,1520,14004,OK
319286598,D4,1520,14000,OK
319300598,D4,1520,13998,OK
319314598,D4,1520,13999,OK
319328598,D4,1520,14005,OK
319342598,D4,1521,13999,OK
319356598,D4,1521,13999,OK
319370598,D4,1521,14003,OK
319384598,D4,1521,13999,OK
319398598,D4,1520,14001,OK
319412598,D4,1521,14002,OK
319426598,D4,1521,13999,OK
319440598,D4,1520,14000,OK
319454598,D4,1520,14000,OK
319468598,D4,1520,14003,OK
319482598,D4,1520,13999,OK
319496598,D4,1521,13999,OK
319510598,D4,1521,14005,OK
319524598,D4,1520,13998,OK
319538598,D4,1520,13999,OK
319552598,D4,1520,13999,OK
319566598,D4,1521,14005,OK
319580598,D4,1521,13998,OK
319594598,D4,1520,14000,OK
319608598,D4,1521,14003,OK
319622598,D4,1521,14001,OK
319636598,D4,1520,13998,OK
319650598,D4,1520,13999,OK
319664598,D4,1520,14004,OK
319678598,D4,1520,14000,OK
319692598,D4,1520,13998,OK
319706598,D4,1521,14004,OK
319720598,D4,1520,13999,OK
319734598,D4,1521,14000,OK
319748598,D4,1520,14003,OK
319762598,D4,1521,13999,OK
319776598,D4,1521,13999,OK
319790598,D4,1520,14001,OK
319804598,D4,1520,14004,OK
319818598,D4,1521,13997,OK
319832598,D4,1521,13999,OK
319846598,D4,1521,14006,OK
319860598,D4,1520,13998,OK
319874598,D4,1520,13999,OK
319888598,D4,1521,13999,OK
319902598,D4,1520,14005,OK
319916598,D4,1520,13998,OK
319930598,D4,1520,13999,OK
319944598,D4,1520,14005,OK
319958598,D4,1520,14001,OK
319972598,D4,1521,13997,OK
319986598,D4,1521,14003,OK
320000598,D4,1520,14000,OK
# diag,ms=320000,channel=D4,pin=18,level=0
320014598,D4,1520,14000,OK
320028598,D4,1521,13997,OK
320042598,D4,1521,14005,OK
320056598,D4,1520,13999,OK
320070598,D4,1520,14001,OK
320084598,D4,1520,14002,OK
320098598,D4,1521,13999,OK
320112598,D4,1521,13999,OK
320126598,D4,1521,14005,OK
320140598,D4,1520,13998,OK
320154598,D4,1520,13999,OK
320168598,D4,1521,13999,OK
320182598,D4,1521,14005,OK
320196598,D4,1520,13999,OK
320210598,D4,1521,13998,OK
320224598,D4,1520,14005,OK
320238598,D4,1521,14000,OK
320252598,D4,1521,13998,OK
320266598,D4,1520,13999,OK
320280598,D4,1520,14004,OK
320294598,D4,1520,14001,OK
320308598,D4,1520,13997,OK
320322598,D4,1520,14004,OK
320336598,D4,1520,13999,OK
320350598,D4,1521,14000,OK
320364598,D4,1520,13999,OK
320378598,D4,1521,14003,OK
320392598,D4,1521,13999,OK
320406598,D4,1520,14001,OK
320420598,D4,1521,14002,OK
320434598,D4,1521,14000,OK
320448598,D4,1521,13999,OK
320462598,D4,1520,14000,OK
320476598,D4,1520,14003,OK
320490598,D4,1521,13999,OK
320504598,D4,1520,13999,OK
320518598,D4,1521,14005,OK
320532598,D4,1520,13998,OK
320546598,D4,1520,13999,OK
320560598,D4,1520,14000,OK
320574598,D4,1521,14004,OK
320588598,D4,1521,13998,OK
320602598,D4,1521,13999,OK
320616598,D4,1521,14004,OK
320630598,D4,1520,14001,OK
320644598,D4,1520,13998,OK
320658598,D4,1518,14006,OK
320672598,D4,1518,14000,OK
320686598,D4,1518,13999,OK
320700598,D4,1521,13996,OK
320714598,D4,1520,14005,OK
320728598,D4,1519,14000,OK
320742598,D4,1519,14000,OK
320756598,D4,1517,14005,OK
320770598,D4,1521,13995,OK
320784598,D4,1520,14000,OK
320798598,D4,1520,14005,OK
320812598,D4,1518,14000,OK
320826598,D4,1517,14000,OK
320840598,D4,1521,13995,OK
320852598,D4,0,4294967294,TIMEOUT
320854598,D4,1520,14007,OK
320868598,D4,1519,13998,OK
320882598,D4,1518,14000,OK
320896598,D4,1520,14002,OK
320910598,D4,1519,14001,OK
320924598,D4,1520,13997,OK
320938598,D4,1519,14000,OK
320952598,D4,1520,14003,OK
320966598,D4,1520,14001,OK
320980598,D4,1520,13998,OK
320994598,D4,1520,14004,OK
# diag,ms=321000,channel=D4,pin=18,level=0
321008598,D4,1521,13998,OK
321022598,D4,1519,14002,OK
321036598,D4,1520,13997,OK
321050598,D4,1520,14004,OK
321064598,D4,1520,14000,OK
321078598,D4,1520,13999,OK
321092598,D4,1521,14003,OK
321106598,D4,1521,13998,OK
321120598,D4,1520,14000,OK
321134598,D4,1519,14007,OK
321148598,D4,1518,14000,OK
321162598,D4,1521,13995,OK
321176598,D4,1522,13998,OK
321190598,D4,1520,14007,OK
321204598,D4,1518,14000,OK
321218598,D4,1517,14000,OK
321232598,D4,1521,14000,OK
321246598,D4,1520,14001,OK
321260598,D4,1519,13999,OK
321274598,D4,1518,14000,OK
321288598,D4,1520,14002,OK
321302598,D4,1520,14000,OK
321316598,D4,1521,13999,OK
321330598,D4,1520,14003,OK
321344598,D4,1520,13999,OK
321358598,D4,1521,14000,OK
321372598,D4,1521,14003,OK
321386598,D4,1521,13999,OK
321400598,D4,1521,13999,OK
321414598,D4,1521,14001,OK
321428598,D4,1521,14002,OK
321442598,D4,1521,13999,OK
321456598,D4,1520,14000,OK
321470598,D4,1520,14005,OK
321484598,D4,1520,13998,OK
321498598,D4,1520,13999,OK
321512598,D4,1520,13999,OK
321526598,D4,1521,14005,OK
321540598,D4,1520,13998,OK
321554598,D4,1520,13999,OK
321568598,D4,1521,14004,OK
321582598,D4,1521,14000,OK
321596598,D4,1521,13998,OK
321610598,D4,1521,13999,OK
321624598,D4,1521,14004,OK
321638598,D4,1520,14001,OK
321652598,D4,1521,13998,OK
321666598,D4,1520,14004,OK
321680598,D4,1520,13999,OK
321694598,D4,1520,14000,OK
321708598,D4,1521,14003,OK
321722598,D4,1520,13999,OK
321736598,D4,1520,13999,OK
321750598,D4,1520,14001,OK
321764598,D4,1520,14002,OK
321778598,D4,1521,13999,OK
321792598,D4,1521,13999,OK
321806598,D4,1520,14006,OK
321820598,D4,1521,13997,OK
321834598,D4,1520,14000,OK
321848598,D4,1520,14004,OK
321862598,D4,1520,14001,OK
321876598,D4,1520,13997,OK
321890598,D4,1521,13999,OK
321904598,D4,1520,14004,OK
321918598,D4,1520,14001,OK
321932598,D4,1520,13997,OK
321946598,D4,1520,14004,OK
321960598,D4,1520,13999,OK
321974598,D4,1521,14000,OK
321988598,D4,1521,13998,OK
# diag,ms=322000,channel=D4,pin=18,level=1
322002598,D4,1519,14006,OK
322016598,D4,1521,13997,OK
322030598,D4,1521,14001,OK
322044598,D4,1521,14002,OK
322058598,D4,1521,14000,OK
322072598,D4,1520,13999,OK
322086598,D4,1520,14001,OK
322100598,D4,1520,14002,OK
322114598,D4,1520,13999,OK
322128598,D4,1520,14000,OK
322142598,D4,1521,14004,OK
322156598,D4,1520,13998,OK
322170598,D4,1521,13999,OK
322184598,D4,1521,14004,OK
322198598,D4,1520,14001,OK
322212598,D4,1521,13997,OK
322226598,D4,1521,13999,OK
322240598,D4,1521,14004,OK
322254598,D4,1521,14001,OK
322268598,D4,1520,13998,OK
322282598,D4,1520,14000,OK
322296598,D4,1520,14004,OK
322310598,D4,1520,13999,OK
322324598,D4,1520,13998,OK
322338598,D4,1520,14004,OK
322352598,D4,1520,13999,OK
322366598,D4,1520,14002,OK
322380598,D4,1521,14001,OK
322394598,D4,1521,13999,OK
322408598,D4,1521,13999,OK
322422598,D4,1520,14006,OK
322436598,D4,1520,13998,OK
322450598,D4,1520,13999,OK
322464598,D4,1520,13999,OK
322478598,D4,1520,14005,OK
322492598,D4,1520,13998,OK
322506598,D4,1521,13999,OK
322520598,D4,1520,14004,OK
322534598,D4,1521,14000,OK
322548598,D4,1520,13998,OK
322562598,D4,1520,13999,OK
322576598,D4,1521,14004,OK
322590598,D4,1521,14000,OK
322604598,D4,1520,13999,OK
322618598,D4,1521,14003,OK
322632598,D4,1520,14000,OK
322646598,D4,1520,14000,OK
322660598,D4,1520,14003,OK
322674598,D4,1520,13999,OK
322688598,D4,1521,13999,OK
322702598,D4,1520,14000,OK
322716598,D4,1520,14003,OK
322730598,D4,1520,13999,OK
322744598,D4,1520,13999,OK
322758598,D4,1520,14006,OK
322772598,D4,1521,13997,OK
322786598,D4,1520,14000,OK
322800598,D4,1521,13998,OK
322814598,D4,1520,14006,OK
322828598,D4,1521,13997,OK
322842598,D4,1521,13999,OK
322856598,D4,1520,14005,OK
322870598,D4,1521,14000,OK
322884598,D4,1520,13998,OK
322898598,D4,1520,13999,OK
322912598,D4,1520,14004,OK
322926598,D4,1521,14000,OK
322940598,D4,1520,13998,OK
322954598,D4,1520,14004,OK
322968598,D4,1520,13999,OK
322982598,D4,1521,14000,OK
322996598,D4,1521,14003,OK
# diag,ms=323000,channel=D4,pin=18,level=0
323010598,D4,1521,13999,OK
323024598,D4,1521,13999,OK
323038598,D4,1520,14001,OK
323052598,D4,1520,14003,OK
323066598,D4,1520,13999,OK
323080598,D4,1520,13999,OK
323094598,D4,1520,14005,OK
323108598,D4,1520,13998,OK
323122598,D4,1520,13999,OK
323136598,D4,1520,13999,OK
323150598,D4,1521,14005,OK
323164598,D4,1520,13998,OK
323178598,D4,1521,13999,OK
323192598,D4,1521,14004,OK
323206598,D4,1521,14001,OK
323220598,D4,1521,13997,OK
323234598,D4,1521,13999,OK
323248598,D4,1521,14004,OK
323262598,D4,1521,14001,OK
323276598,D4,1520,13998,OK
323290598,D4,1520,14004,OK
323304598,D4,1521,13999,OK
323318598,D4,1520,14001,OK
323332598,D4,1520,13997,OK
323346598,D4,1520,14005,OK
323360598,D4,1520,13998,OK
323374598,D4,1521,14000,OK
323388598,D4,1521,14003,OK
323402598,D4,1521,13999,OK
323416598,D4,1520,14000,OK
323430598,D4,1520,14005,OK
323444598,D4,1520,13998,OK
323458598,D4,1521,13999,OK
323472598,D4,1520,13999,OK
323486598,D4,1520,14006,OK
323500598,D4,1520,13997,OK
323514598,D4,1520,13999,OK
323528598,D4,1520,14004,OK
323542598,D4,1521,14000,OK
323556598,D4,1520,13998,OK
323570598,D4,1520,14004,OK
323584598,D4,1521,13999,OK
323598598,D4,1521,14000,OK
323612598,D4,1520,13999,OK
323626598,D4,1520,14005,OK
323640598,D4,1521,13997,OK
323654598,D4,1520,14001,OK
323668598,D4,1521,14003,OK
323682598,D4,1520,13999,OK
323696598,D4,1521,13999,OK
323710598,D4,1520,14000,OK
323724598,D4,1520,14003,OK
323738598,D4,1520,14000,OK
323752598,D4,1520,13998,OK
323766598,D4,1521,14005,OK
323780598,D4,1520,13999,OK
323794598,D4,1521,13998,OK
323808598,D4,1521,13999,OK
323822598,D4,1520,14006,OK
323836598,D4,1521,13997,OK
323850598,D4,1521,14000,OK
323864598,D4,1520,14004,OK
323878598,D4,1520,14000,OK
323892598,D4,1520,13998,OK
323906598,D4,1520,14004,OK
323920598,D4,1521,13999,OK
323934598,D4,1520,14001,OK
323948598,D4,1520,13998,OK
323962598,D4,1520,14004,OK
323976598,D4,1521,13998,OK
323990598,D4,1520,14001,OK
# diag,ms=324000,channel=D4,pin=18,level=0
324004598,D4,1521,14002,OK
324018598,D4,1521,13999,OK
324032598,D4,1521,13999,OK
324046598,D4,1521,14001,OK
324060598,D4,1520,14003,OK
324074598,D4,1520,13999,OK
324088598,D4,1520,13999,OK
324102598,D4,1520,14005,OK
324116598,D4,1521,13998,OK
324130598,D4,1520,13999,OK
324144598,D4,1520,14004,OK
324158598,D4,1521,14000,OK
324172598,D4,1520,13998,OK
324186598,D4,1520,14000,OK
324200598,D4,1521,14003,OK
324214598,D4,1521,14001,OK
324228598,D4,1520,13998,OK
324242598,D4,1521,14003,OK
324256598,D4,1521,13999,OK
324270598,D4,1521,14001,OK
324284598,D4,1520,14003,OK
324298598,D4,1520,13999,OK
324312598,D4,1521,13999,OK
324326598,D4,1520,14000,OK
324340598,D4,1520,14003,OK
324354598,D4,1520,13999,OK
324368598,D4,1520,14000,OK
324382598,D4,1521,13999,OK
324396598,D4,1520,14004,OK
324410598,D4,1521,13998,OK
324424598,D4,1521,13999,OK
324438598,D4,1521,14006,OK
324452598,D4,1521,13997,OK
324466598,D4,1520,14000,OK
324480598,D4,1521,14004,OK
324494598,D4,1520,14000,OK
324508598,D4,1520,13998,OK
324522598,D4,1520,13999,OK
324536598,D4,1520,14004,OK
324550598,D4,1521,14000,OK
324564598,D4,1520,13998,OK
324578598,D4,1520,14005,OK
324592598,D4,1521,13998,OK
324606598,D4,1521,14000,OK
324620598,D4,1521,13998,OK
324634598,D4,1520,14005,OK
324648598,D4,1521,13998,OK
324662598,D4,1520,14001,OK
324676598,D4,1521,14003,OK
324690598,D4,1520,13999,OK
324704598,D4,1520,13999,OK
324718598,D4,1520,14005,OK
324732598,D4,1520,13998,OK
324746598,D4,1520,13999,OK
324760598,D4,1520,14000,OK
324774598,D4,1521,14004,OK
324788598,D4,1520,13999,OK
324802598,D4,1521,13998,OK
324816598,D4,1520,14005,OK
324830598,D4,1521,14000,OK
324844598,D4,1521,13997,OK
324858598,D4,1521,14005,OK
324872598,D4,1520,13999,OK
324886598,D4,1520,14000,OK
324900598,D4,1521,13998,OK
324914598,D4,1520,14004,OK
324928598,D4,1520,13999,OK
324942598,D4,1521,14000,OK
324956598,D4,1520,14003,OK
324970598,D4,1520,13999,OK
324984598,D4,1521,13999,OK
324998598,D4,1520,14001,OK
# diag,ms=325000,channel=D4,pin=18,level=0
325012598,D4,1521,14002,OK
325026598,D4,1521,13999,OK
325040598,D4,1521,13999,OK
325054598,D4,1520,14006,OK
325068598,D4,1520,13998,OK
325082598,D4,1520,13999,OK
325096598,D4,1520,13999,OK
325110598,D4,1520,14005,OK
325124598,D4,1521,13998,OK
325138598,D4,1520,14000,OK
325152598,D4,1520,14004,OK
325166598,D4,1521,13999,OK
325180598,D4,1520,13998,OK
325194598,D4,1520,14000,OK
325208598,D4,1521,14003,OK
325222598,D4,1520,14001,OK
325236598,D4,1521,13997,OK
325250598,D4,1520,14005,OK
325264598,D4,1520,13999,OK
325278598,D4,1520,14000,OK
325292598,D4,1520,14003,OK
325306598,D4,1520,14000,OK
325320598,D4,1521,13998,OK
325334598,D4,1521,14000,OK
325348598,D4,1520,14004,OK
325362598,D4,1520,13998,OK
325376598,D4,1520,14000,OK
325390598,D4,1520,14005,OK
325404598,D4,1521,13997,OK
325418598,D4,1520,14000,OK
325432598,D4,1521,13998,OK
325446598,D4,1520,14006,OK
325460598,D4,1521,13997,OK
325474598,D4,1520,14000,OK
325488598,D4,1520,14004,OK
325502598,D4,1520,14000,OK
325516598,D4,1520,13998,OK
325530598,D4,1521,14004,OK
325544598,D4,1520,14000,OK
325558598,D4,1521,13999,OK
325572598,D4,1520,13998,OK
325586598,D4,1521,14004,OK
325600598,D4,1521,13999,OK
325614598,D4,1521,14000,OK
325628598,D4,1521,14003,OK
325642598,D4,1521,13999,OK
325656598,D4,1521,13999,OK
325670598,D4,1520,14001,OK
325684598,D4,1520,14003,OK
325698598,D4,1520,13999,OK
325712598,D4,1520,13999,OK
325726598,D4,1520,14005,OK
325740598,D4,1521,13998,OK
325754598,D4,1520,13999,OK
325768598,D4,1520,13999,OK
325782598,D4,1521,14005,OK
325796598,D4,1521,13998,OK
325810598,D4,1521,13999,OK
325824598,D4,1521,14004,OK
325838598,D4,1520,14001,OK
325852598,D4,1521,13997,OK
325866598,D4,1521,14004,OK
325880598,D4,1521,14000,OK
325894598,D4,1520,14000,OK
325908598,D4,1520,14003,OK
325922598,D4,1520,13999,OK
325936598,D4,1520,13999,OK
325950598,D4,1521,14000,OK
325964598,D4,1520,14003,OK
325978598,D4,1520,13999,OK
325992598,D4,1521,13999,OK
# diag,ms=326000,channel=D4,pin=18,level=0
326006598,D4,1521,14000,OK
326020598,D4,1521,14003,OK
326034598,D4,1521,13999,OK
326048598,D4,1521,13999,OK
326062598,D4,1520,14006,OK
326076598,D4,1521,13998,OK
326090598,D4,1520,13999,OK
326104598,D4,1521,14004,OK
326118598,D4,1520,14000,OK
326132598,D4,1520,13998,OK
326146598,D4,1520,13999,OK
326160598,D4,1521,14005,OK
326174598,D4,1521,13999,OK
326188598,D4,1520,13998,OK
326202598,D4,1521,14004,OK
326216598,D4,1520,14000,OK
326230598,D4,1520,14000,OK
326244598,D4,1520,13998,OK
326258598,D4,1520,14004,OK
326272598,D4,1520,13999,OK
326286598,D4,1520,14000,OK
326300598,D4,1521,14003,OK
326314598,D4,1521,13999,OK
326328598,D4,1520,13999,OK
326342598,D4,1521,14000,OK
326356598,D4,1520,14004,OK
326370598,D4,1520,13999,OK
326384598,D4,1520,13998,OK
326398598,D4,1520,14007,OK
326412598,D4,1521,13996,OK
326426598,D4,1521,13999,OK
326440598,D4,1521,14004,OK
326454598,D4,1520,14001,OK
326468598,D4,1521,13997,OK
326482598,D4,1520,14000,OK
326496598,D4,1520,14004,OK
326510598,D4,1520,14000,OK
326524598,D4,1520,13998,OK
326538598,D4,1520,14004,OK
326552598,D4,1520,13999,OK
326566598,D4,1520,14001,OK
326580598,D4,1520,13997,OK
326594598,D4,1521,14004,OK
326608598,D4,1521,14000,OK
326622598,D4,1521,14000,OK
326636598,D4,1521,14002,OK
326650598,D4,1520,14000,OK
326664598,D4,1521,13998,OK
326678598,D4,1521,14006,OK
326692598,D4,1521,13998,OK
326706598,D4,1520,14000,OK
326720598,D4,1520,13999,OK
326734598,D4,1521,14000,OK
326748598,D4,1520,14002,OK
326762598,D4,1520,13999,OK
326776598,D4,1520,14004,OK
326790598,D4,1521,14000,OK
326804598,D4,1521,13998,OK
326818598,D4,1521,13999,OK
326832598,D4,1521,14004,OK
326846598,D4,1521,14001,OK
326860598,D4,1520,13999,OK
326874598,D4,1520,14003,OK
326888598,D4,1520,13999,OK
326902598,D4,1520,14001,OK
326916598,D4,1520,13997,OK
326930598,D4,1520,14005,OK
326944598,D4,1521,13998,OK
326958598,D4,1521,14000,OK
326972598,D4,1520,14003,OK
326986598,D4,1520,13999,OK
327000598,D4,1520,14000,OK
# diag,ms=327000,channel=D4,pin=18,level=0
327014598,D4,1520,14005,OK
327028598,D4,1520,13998,OK
327042598,D4,1520,13999,OK
327056598,D4,1520,14004,OK
327070598,D4,1520,14000,OK
327084598,D4,1521,13998,OK
327098598,D4,1520,13999,OK
327112598,D4,1521,13999,OK
327126598,D4,1520,14005,OK
327140598,D4,1520,13998,OK
327154598,D4,1520,14004,OK
327168598,D4,1520,13999,OK
327182598,D4,1521,14000,OK
327196598,D4,1521,13998,OK
327210598,D4,1521,14004,OK
327224598,D4,1521,13999,OK
327238598,D4,1520,14001,OK
327252598,D4,1521,14002,OK
327266598,D4,1521,13999,OK
327280598,D4,1521,14000,OK
327294598,D4,1520,14000,OK
327308598,D4,1520,14003,OK
327322598,D4,1520,13999,OK
327336598,D4,1521,13999,OK
327350598,D4,1520,14006,OK
327364598,D4,1521,13998,OK
327378598,D4,1520,13998,OK
327392598,D4,1520,14004,OK
327406598,D4,1521,14000,OK
327420598,D4,1521,13998,OK
327434598,D4,1520,14000,OK
327448598,D4,1521,14003,OK
327462598,D4,1520,14001,OK
327476598,D4,1521,13998,OK
327490598,D4,1520,14004,OK
327504598,D4,1521,13999,OK
327518598,D4,1520,14001,OK
327532598,D4,1520,13997,OK
327546598,D4,1520,14004,OK
327560598,D4,1520,14000,OK
327574598,D4,1521,13999,OK
327588598,D4,1520,14003,OK
327602598,D4,1520,14000,OK
327616598,D4,1520,13999,OK
327630598,D4,1521,14005,OK
327644598,D4,1521,13997,OK
327658598,D4,1521,13999,OK
327672598,D4,1520,14000,OK
327686598,D4,1520,14005,OK
327700598,D4,1520,13998,OK
327714598,D4,1521,13999,OK
327728598,D4,1521,13999,OK
327742598,D4,1520,14005,OK
327756598,D4,1520,13998,OK
327770598,D4,1520,13999,OK
327784598,D4,1520,14004,OK
327798598,D4,1521,14000,OK
327812598,D4,1521,13998,OK
327826598,D4,1521,14004,OK
327840598,D4,1521,13999,OK
327854598,D4,1521,14001,OK
327868598,D4,1521,13997,OK
327882598,D4,1520,14005,OK
327896598,D4,1520,13999,OK
327910598,D4,1521,14001,OK
327924598,D4,1520,14002,OK
327938598,D4,1520,13999,OK
327952598,D4,1520,13999,OK
327966598,D4,1521,14005,OK
327980598,D4,1520,13998,OK
327994598,D4,1520,14000,OK
# diag,ms=328000,channel=D4,pin=18,level=0
328008598,D4,1520,13999,OK
328022598,D4,1521,14004,OK
328036598,D4,1521,13998,OK
328050598,D4,1521,13999,OK
328064598,D4,1521,14004,OK
328078598,D4,1520,14001,OK
328092598,D4,1520,13998,OK
328106598,D4,1520,13999,OK
328120598,D4,1520,14004,OK
328134598,D4,1520,14000,OK
328148598,D4,1520,13998,OK
328162598,D4,1520,14005,OK
328176598,D4,1520,13999,OK
328190598,D4,1521,13999,OK
328204598,D4,1521,14003,OK
328218598,D4,1521,13999,OK
328232598,D4,1521,13999,OK
328246598,D4,1520,14001,OK
328260598,D4,1520,14003,OK
328274598,D4,1520,13999,OK
328288598,D4,1520,13999,OK
328302598,D4,1520,14005,OK
328316598,D4,1520,13998,OK
328330598,D4,1521,13999,OK
328344598,D4,1520,13999,OK
328358598,D4,1521,14005,OK
328372598,D4,1520,13998,OK
328386598,D4,1520,13999,OK
328400598,D4,1520,14004,OK
328414598,D4,1521,14000,OK
328428598,D4,1520,13999,OK
328442598,D4,1520,13999,OK
328456598,D4,1520,14004,OK
328470598,D4,1520,14000,OK
328484598,D4,1521,13998,OK
328498598,D4,1520,14004,OK
328512598,D4,1521,13999,OK
328526598,D4,1520,14000,OK
328540598,D4,1520,14003,OK
328554598,D4,1521,13999,OK
328568598,D4,1520,13999,OK
328582598,D4,1521,14000,OK
328596598,D4,1520,14004,OK
328610598,D4,1521,13998,OK
328624598,D4,1521,14000,OK
328638598,D4,1520,14005,OK
328652598,D4,1521,13997,OK
328666598,D4,1521,13999,OK
328680598,D4,1521,14000,OK
328694598,D4,1520,14005,OK
328708598,D4,1520,13998,OK
328722598,D4,1520,13999,OK
328736598,D4,1520,14004,OK
328750598,D4,1520,14000,OK
328764598,D4,1520,13998,OK
328778598,D4,1520,14004,OK
328792598,D4,1520,14000,OK
328806598,D4,1521,13999,OK
328820598,D4,1521,13998,OK
328834598,D4,1521,14004,OK
328848598,D4,1521,13999,OK
328862598,D4,1520,14001,OK
328876598,D4,1521,14002,OK
328890598,D4,1520,14000,OK
328904598,D4,1520,13999,OK
328918598,D4,1520,14000,OK
328932598,D4,1520,14003,OK
328946598,D4,1520,13999,OK
328960598,D4,1521,13999,OK
328974598,D4,1521,14005,OK
328988598,D4,1520,13998,OK
# diag,ms=329000,channel=D4,pin=18,level=0
329002598,D4,1520,13999,OK
329016598,D4,1521,13999,OK
329030598,D4,1521,14005,OK
329044598,D4,1521,13998,OK
329058598,D4,1521,13999,OK
329072598,D4,1521,14004,OK
329086598,D4,1520,14001,OK
329100598,D4,1520,13998,OK
329114598,D4,1520,13999,OK
329128598,D4,1520,14004,OK
329142598,D4,1520,14000,OK
329156598,D4,1520,13998,OK
329170598,D4,1520,14005,OK
329184598,D4,1520,13998,OK
329198598,D4,1521,14000,OK
329212598,D4,1521,13998,OK
329226598,D4,1521,14004,OK
329240598,D4,1521,13999,OK
329254598,D4,1520,14001,OK
329268598,D4,1521,14002,OK
329282598,D4,1520,14000,OK
329296598,D4,1520,13999,OK
329310598,D4,1521,14005,OK
329324598,D4,1520,13998,OK
329338598,D4,1520,13999,OK
329352598,D4,1520,13999,OK
329366598,D4,1521,14005,OK
329380598,D4,1520,13998,OK
329394598,D4,1520,14000,OK
329408598,D4,1520,14003,OK
329422598,D4,1521,14000,OK
329436598,D4,1521,13999,OK
329450598,D4,1521,14003,OK
329464598,D4,1521,13999,OK
329478598,D4,1521,14001,OK
329492598,D4,1521,13998,OK
329506598,D4,1520,14004,OK
329520598,D4,1520,13999,OK
329534598,D4,1520,14001,OK
329548598,D4,1520,14002,OK
329562598,D4,1521,13999,OK
329576598,D4,1521,13999,OK
329590598,D4,1521,14005,OK
329604598,D4,1521,13998,OK
329618598,D4,1521,13999,OK
329632598,D4,1520,14000,OK
329646598,D4,1520,14005,OK
329660598,D4,1521,13998,OK
329674598,D4,1521,13999,OK
329688598,D4,1521,14003,OK
329702598,D4,1521,14001,OK
329716598,D4,1520,13998,OK
329730598,D4,1521,13999,OK
329744598,D4,1520,14004,OK
329758598,D4,1521,14000,OK
329772598,D4,1521,13998,OK
329786598,D4,1520,14005,OK
329800598,D4,1521,13998,OK
329814598,D4,1521,14000,OK
329828598,D4,1521,13998,OK
329842598,D4,1521,14004,OK
329856598,D4,1520,14000,OK
329870598,D4,1521,14000,OK
329884598,D4,1521,14002,OK
329898598,D4,1520,14000,OK
329912598,D4,1520,13999,OK
329926598,D4,1521,14006,OK
329940598,D4,1520,13997,OK
329954598,D4,1520,13999,OK
329968598,D4,1520,13999,OK
329982598,D4,1521,14005,OK
329996598,D4,1520,13998,OK
# diag,ms=330000,channel=D4,pin=18,level=0
330010598,D4,1520,13999,OK
330024598,D4,1521,14004,OK
330038598,D4,1521,14000,OK
330052598,D4,1521,13998,OK
330066598,D4,1521,13999,OK
330080598,D4,1521,14004,OK
330094598,D4,1520,14001,OK
330108598,D4,1520,13998,OK
330122598,D4,1520,14004,OK
330136598,D4,1521,13999,OK
330150598,D4,1520,14000,OK
330164598,D4,1520,13998,OK
330178598,D4,1520,14005,OK
330192598,D4,1520,13998,OK
330206598,D4,1521,14000,OK
330220598,D4,1520,14004,OK
330234598,D4,1521,13998,OK
330248598,D4,1521,13999,OK
330262598,D4,1520,14006,OK
330276598,D4,1520,13998,OK
330290598,D4,1521,13998,OK
330304598,D4,1520,14000,OK
330318598,D4,1520,14005,OK
330332598,D4,1521,13998,OK
330346598,D4,1520,13999,OK
330360598,D4,1521,14004,OK
330374598,D4,1520,14001,OK
330388598,D4,1520,13997,OK
330402598,D4,1520,13999,OK
330416598,D4,1521,14004,OK
330430598,D4,1521,14000,OK
330444598,D4,1521,13999,OK
330458598,D4,1521,14003,OK
330472598,D4,1520,14000,OK
330486598,D4,1521,14000,OK
330500598,D4,1521,14003,OK
330514598,D4,1520,13999,OK
330528598,D4,1520,13999,OK
330542598,D4,1520,14001,OK
330556598,D4,1520,14002,OK
330570598,D4,1520,13999,OK
330584598,D4,1520,14000,OK
330598598,D4,1520,14005,OK
330612598,D4,1520,13997,OK
330626598,D4,1521,13999,OK
330640598,D4,1521,14004,OK
330654598,D4,1520,14002,OK
330668598,D4,1520,13997,OK
330682598,D4,1521,13998,OK
330696598,D4,1521,14005,OK
330710598,D4,1520,14000,OK
330724598,D4,1520,13998,OK
330738598,D4,1520,14004,OK
330752598,D4,1520,13999,OK
330766598,D4,1520,14001,OK
330780598,D4,1520,13998,OK
330794598,D4,1520,14003,OK
330808598,D4,1520,14000,OK
330822598,D4,1521,13999,OK
330836598,D4,1521,14003,OK
330850598,D4,1520,14000,OK
330864598,D4,1521,13998,OK
330878598,D4,1520,14001,OK
330892598,D4,1521,14002,OK
330906598,D4,1520,14000,OK
330920598,D4,1521,13999,OK
330934598,D4,1520,14006,OK
330948598,D4,1520,13997,OK
330962598,D4,1521,13999,OK
330976598,D4,1520,14004,OK
330990598,D4,1521,14000,OK
# diag,ms=331000,channel=D4,pin=18,level=0
331004598,D4,1520,13998,OK
331018598,D4,1520,14000,OK
331032598,D4,1521,14003,OK
331046598,D4,1521,14001,OK
331060598,D4,1521,13997,OK
331074598,D4,1520,14005,OK
331088598,D4,1521,13998,OK
331102598,D4,1520,14001,OK
331116598,D4,1520,13998,OK
331130598,D4,1520,14004,OK
331144598,D4,1520,13999,OK
331158598,D4,1520,14000,OK
331172598,D4,1520,14003,OK
331186598,D4,1520,13999,OK
331200598,D4,1520,13999,OK
331214598,D4,1521,14000,OK
331228598,D4,1521,14003,OK
331242598,D4,1521,13999,OK
331256598,D4,1520,14000,OK
331270598,D4,1520,14005,OK
331284598,D4,1521,13997,OK
331298598,D4,1521,14000,OK
331312598,D4,1521,14004,OK
331326598,D4,1520,14001,OK
331340598,D4,1520,13997,OK
331354598,D4,1520,13999,OK
331368598,D4,1520,14004,OK
331382598,D4,1520,14001,OK
331396598,D4,1520,13998,OK
331410598,D4,1520,14004,OK
331424598,D4,1520,13999,OK
331438598,D4,1520,14001,OK
331452598,D4,1521,14001,OK
331466598,D4,1521,13999,OK
331480598,D4,1521,13999,OK
331494598,D4,1520,14001,OK
331508598,D4,1520,14003,OK
331522598,D4,1520,13999,OK
331536598,D4,1520,13999,OK
331550598,D4,1520,14006,OK
331564598,D4,1520,13997,OK
331578598,D4,1520,13999,OK
331592598,D4,1520,13999,OK
331606598,D4,1521,14005,OK
331620598,D4,1520,13998,OK
331634598,D4,1521,13999,OK
331648598,D4,1521,14000,OK
331662598,D4,1520,14005,OK
331676598,D4,1520,13998,OK
331690598,D4,1521,13998,OK
331704598,D4,1521,14005,OK
331718598,D4,1520,14000,OK
331732598,D4,1520,13998,OK
331746598,D4,1521,14004,OK
331760598,D4,1521,13999,OK
331774598,D4,1521,14000,OK
331788598,D4,1520,13999,OK
331802598,D4,1520,14003,OK
331816598,D4,1520,13999,OK
331830598,D4,1520,14001,OK
331844598,D4,1521,14002,OK
331858598,D4,1521,13999,OK
331872598,D4,1520,14000,OK
331886598,D4,1520,14005,OK
331900598,D4,1521,13998,OK
331914598,D4,1520,13999,OK
331928598,D4,1520,13999,OK
331942598,D4,1521,14006,OK
331956598,D4,1520,13997,OK
331970598,D4,1520,13999,OK
331984598,D4,1520,14004,OK
331998598,D4,1521,14000,OK
# diag,ms=332000,channel=D4,pin=18,level=0
332012598,D4,1520,13998,OK
332026598,D4,1521,13999,OK
332040598,D4,1521,14004,OK
332054598,D4,1521,14001,OK
332068598,D4,1521,13997,OK
332082598,D4,1520,14005,OK
332096598,D4,1520,13999,OK
332110598,D4,1520,14000,OK
332124598,D4,1520,13998,OK
332138598,D4,1520,14004,OK
332152598,D4,1521,13999,OK
332166598,D4,1520,14000,OK
332180598,D4,1520,14003,OK
332194598,D4,1521,14000,OK
332208598,D4,1521,13999,OK
332222598,D4,1521,14004,OK
332236598,D4,1521,13998,OK
332250598,D4,1521,13999,OK
332264598,D4,1520,14000,OK
332278598,D4,1520,14005,OK
332292598,D4,1521,13997,OK
332306598,D4,1521,14000,OK
332320598,D4,1520,14004,OK
332334598,D4,1520,14000,OK
332348598,D4,1520,13998,OK
332362598,D4,1520,13999,OK
332376598,D4,1520,14004,OK
332390598,D4,1521,14000,OK
332404598,D4,1520,13998,OK
332418598,D4,1520,14005,OK
332432598,D4,1521,13998,OK
332446598,D4,1520,14002,OK
332460598,D4,1520,14002,OK
332474598,D4,1521,13998,OK
332488598,D4,1520,14000,OK
332502598,D4,1520,14005,OK
332516598,D4,1521,13998,OK
332530598,D4,1521,13999,OK
